partid,assembler
P3531,A
P6687,A
P19188,A
P13302,A
P23686,A
P8620,A
P5612,A
P25260,A
P25300,A
P9823,A
P7664,A
P27485,A
P16546,A
P27891,A
P6087,A
P26824,A
P28989,A
P26610,A
P27159,A
P28545,A
P24549,A
P3370,A
P17624,A
P27809,A
P15798,A
P24863,A
P2112,A
P9089,A
P26452,A
P2618,A
P21019,A
P24422,A
P7178,A
P912,A
P6452,A
P15449,A
P20726,A
P16340,A
P1361,A
P10367,A
P13288,A
P28124,A
P1943,A
P3910,A
P23232,A
P22256,A
P22795,A
P6169,A
P9124,A
P6699,A
P13070,A
P434,A
P18265,A
P3138,A
P15357,A
P7467,A
P24099,A
P6847,A
P408,A
P19214,A
P25047,A
P439,A
P12991,A
P2893,A
P1784,A
P18603,A
P19331,A
P16182,A
P19506,A
P5901,A
P7372,A
P5879,A
P5467,A
P25284,A
P13763,A
P9795,A
P8917,A
P13596,A
P24538,A
P19593,A
P3112,A
P21406,A
P10580,A
P9660,A
P12223,A
P26762,A
P1278,A
P17256,A
P8188,A
P1302,A
P26012,A
P3774,A
P24988,A
P6969,A
P11587,A
P21265,A
P626,A
P7262,A
P28932,A
P14048,A
P15340,A
P2811,A
P1481,A
P28574,A
P28121,A
P6114,A
P18686,A
P26745,A
P18749,A
P15483,A
P17328,A
P4470,A
P22009,A
P11313,A
P2286,A
P599,A
P9435,A
P8197,A
P29834,A
P17441,A
P6325,A
P16825,A
P3805,A
P9916,A
P24036,A
P13978,A
P13074,A
P7838,A
P13128,A
P6142,A
P15866,A
P29614,A
P11164,A
P17570,A
P14620,A
P18051,A
P14421,A
P23668,A
P15862,A
P14069,A
P13719,A
P19251,A
P16934,A
P1699,A
P22716,A
P24930,A
P19380,A
P18343,A
P25802,A
P23993,A
P18152,A
P26169,A
P7959,A
P23519,A
P16387,A
P19135,A
P9920,A
P3054,A
P287,A
P18776,A
P26458,A
P28089,A
P6652,A
P26364,A
P21902,A
P27647,A
P26387,A
P10462,A
P21973,A
P12861,A
P21628,A
P10109,A
P16051,A
P16460,A
P15096,A
P16858,A
P12427,A
P939,A
P3898,A
P6672,A
P1511,A
P24439,A
P1174,A
P10157,A
P10705,A
P26351,A
P8081,A
P13497,A
P12131,A
P3530,A
P8519,A
P24418,A
P9204,A
P4024,A
P16893,A
P12679,A
P18900,A
P6210,A
P28415,A
P27708,A
P1386,A
P22131,A
P1111,A
P19601,A
P11369,A
P5584,A
P17743,A
P20974,A
P15148,A
P5508,A
P16465,A
P21939,A
P23664,A
P27498,A
P24245,A
P19988,A
P22893,A
P18356,A
P27196,A
P6547,A
P10842,A
P11416,A
P2930,A
P5085,A
P23008,A
P7390,A
P22931,A
P13717,A
P29683,A
P21692,A
P3087,A
P17446,A
P8750,A
P15100,A
P20131,A
P26980,A
P4949,A
P5652,A
P13923,A
P2826,A
P26598,A
P13680,A
P29773,A
P4212,A
P2095,A
P14686,A
P25270,A
P4070,A
P11714,A
P17511,A
P29815,A
P14345,A
P12705,A
P1044,A
P12993,A
P28928,A
P17377,A
P4100,A
P1333,A
P22521,A
P2393,A
P8078,A
P26894,A
P1202,A
P1660,A
P18285,A
P13412,A
P8590,A
P972,A
P10358,A
P10853,A
P16956,A
P27727,A
P24998,A
P23371,A
P8035,A
P27183,A
P27325,A
P19949,A
P19128,A
P8986,A
P14260,A
P19520,A
P17433,A
P11553,A
P17342,A
P24062,A
P13097,A
P22534,A
P1087,A
P24146,A
P9241,A
P27028,A
P22108,A
P1161,A
P23966,A
P26398,A
P9344,A
P14878,A
P24938,A
P23968,A
P28519,A
P25059,A
P11033,A
P26689,A
P332,A
P22215,A
P21318,A
P10714,A
P17470,A
P9696,A
P24385,A
P21523,A
P17435,A
P23833,A
P13408,A
P21230,A
P28275,A
P3723,A
P23725,A
P1170,A
P623,A
P16401,A
P8559,A
P21734,A
P13590,A
P28142,A
P21467,A
P11598,A
P2496,A
P26233,A
P6572,A
P209,A
P6873,A
P23729,A
P21482,A
P11461,A
P18634,A
P3786,A
P11909,A
P18366,A
P1717,A
P14316,A
P16477,A
P23794,A
P23055,A
P25391,A
P4414,A
P29080,A
P9964,A
P7081,A
P18250,A
P26229,A
P28938,A
P3437,A
P17315,A
P13681,A
P27085,A
P29270,A
P24292,A
P2726,A
P9582,A
P1553,A
P27011,A
P18289,A
P1756,A
P179,A
P28392,A
P7729,A
P27828,A
P12862,A
P5720,A
P21474,A
P27955,A
P27119,A
P16132,A
P8938,A
P8815,A
P26842,A
P1428,A
P29105,A
P9659,A
P12310,A
P26904,A
P14850,A
P15037,A
P22155,A
P5912,A
P13835,A
P19328,A
P22884,A
P13052,A
P5230,A
P10184,A
P3353,A
P10054,A
P3588,A
P9969,A
P4316,A
P19353,A
P301,A
P12365,A
P27724,A
P2139,A
P9262,A
P2132,A
P23475,A
P14771,A
P8568,A
P17777,A
P858,A
P26830,A
P9652,A
P28569,A
P23627,A
P10924,A
P13713,A
P9059,A
P12973,A
P16706,A
P20585,A
P25602,A
P7862,A
P6727,A
P1942,A
P10053,A
P13258,A
P3187,A
P1024,A
P16392,A
P20545,A
P23202,A
P17341,A
P1554,A
P5650,A
P26158,A
P28157,A
P5814,A
P22168,A
P18220,A
P22391,A
P23014,A
P18476,A
P21913,A
P18499,A
P4658,A
P6316,A
P23782,A
P23697,A
P20849,A
P16172,A
P9651,A
P15208,A
P7836,A
P12890,A
P27218,A
P11568,A
P523,A
P5936,A
P26718,A
P22273,A
P15003,A
P16707,A
P364,A
P28017,A
P17372,A
P4963,A
P21279,A
P26638,A
P14741,A
P25212,A
P12606,A
P6319,A
P9184,A
P17104,A
P21891,A
P8441,A
P12419,A
P18172,A
P22011,A
P16667,A
P29128,A
P22757,A
P25426,A
P20007,A
P11791,A
P24726,A
P1649,A
P20602,A
P8436,A
P429,A
P4546,A
P28682,A
P15887,A
P2903,A
P20952,A
P13822,A
P16007,A
P7160,A
P17021,A
P23444,A
P2133,A
P25073,A
P14009,A
P10856,A
P24891,A
P10749,A
P12298,A
P11614,A
P8570,A
P5836,A
P2687,A
P17883,A
P13906,A
P14630,A
P2682,A
P21193,A
P7491,A
P4033,A
P1842,A
P24118,A
P22913,A
P16848,A
P13980,A
P3884,A
P15945,A
P21945,A
P12721,A
P23361,A
P525,A
P29700,A
P2175,A
P12652,A
P25622,A
P25194,A
P9970,A
P4866,A
P21215,A
P18881,A
P11664,A
P331,A
P24812,A
P27679,A
P6973,A
P3120,A
P9785,A
P25393,A
P27488,A
P16984,A
P2846,A
P20884,A
P19665,A
P13993,A
P3912,A
P1866,A
P7088,A
P5450,A
P12517,A
P8898,A
P5601,A
P17957,A
P14342,A
P7117,A
P9219,A
P16451,A
P19605,A
P6143,A
P5869,A
P29542,A
P6457,A
P27561,A
P21950,A
P19321,A
P16879,A
P25440,A
P19512,A
P23907,A
P713,A
P7353,A
P29973,A
P20854,A
P9397,A
P16922,A
P23532,A
P27764,A
P20940,A
P14184,A
P26786,A
P12726,A
P18750,A
P9053,A
P17461,A
P13101,A
P1010,A
P13203,A
P23793,A
P9989,A
P9615,A
P15108,A
P19633,A
P11310,A
P27130,A
P13286,A
P23339,A
P15486,A
P8857,A
P11278,A
P26425,A
P3643,A
P9234,A
P390,A
P10023,A
P23289,A
P12930,A
P17633,A
P9815,A
P9856,A
P28130,A
P9496,A
P21495,A
P11104,A
P11140,A
P9006,A
P13417,A
P20839,A
P23956,A
P4293,A
P26693,A
P1141,A
P29227,A
P8318,A
P18132,A
P24802,A
P28761,A
P10080,A
P3523,A
P11845,A
P21711,A
P638,A
P29494,A
P23242,A
P10527,A
P24401,A
P4679,A
P7529,A
P6783,A
P4456,A
P11728,A
P9249,A
P5788,A
P27593,A
P28096,A
P842,A
P3649,A
P24063,A
P4715,A
P18010,A
P2753,A
P21679,A
P9977,A
P19342,A
P11496,A
P3861,A
P554,A
P3086,A
P26812,A
P21875,A
P3909,A
P1575,A
P18866,A
P10694,A
P2097,A
P27684,A
P1819,A
P13531,A
P18849,A
P8630,A
P23952,A
P16191,A
P16168,A
P16335,A
P2471,A
P1143,A
P29032,A
P7445,A
P28405,A
P7712,A
P16445,A
P18919,A
P19670,A
P2456,A
P8819,A
P2747,A
P8123,A
P7351,A
P15744,A
P8467,A
P20747,A
P27348,A
P13639,A
P27458,A
P17457,A
P19098,A
P16426,A
P15175,A
P11984,A
P9340,A
P6268,A
P9155,A
P13093,A
P17166,A
P26929,A
P29362,A
P10495,A
P19640,A
P13315,A
P881,A
P24628,A
P25569,A
P26126,A
P24471,A
P18502,A
P21654,A
P14993,A
P7295,A
P24242,A
P1290,A
P25646,A
P28593,A
P21433,A
P18457,A
P10755,A
P25155,A
P5310,A
P13569,A
P10154,A
P26438,A
P5097,A
P8093,A
P17857,A
P18027,A
P13636,A
P22226,A
P704,A
P7273,A
P18795,A
P25689,A
P29317,A
P3896,A
P14070,A
P380,A
P789,A
P3756,A
P12815,A
P17995,A
P7106,A
P7981,A
P4742,A
P9329,A
P7493,A
P14504,A
P21825,A
P10849,A
P13708,A
P2061,A
P16068,A
P1307,A
P20301,A
P29070,A
P289,A
P21828,A
P15806,A
P23642,A
P85,A
P4047,A
P9841,A
P6019,A
P5803,A
P27793,A
P4821,A
P27286,A
P5576,A
P4354,A
P18334,A
P12763,A
P28011,A
P23186,A
P2527,A
P17154,A
P27344,A
P15780,A
P26044,A
P27935,A
P29001,A
P21507,A
P14966,A
P10937,A
P26117,A
P10619,A
P20674,A
P1474,A
P5842,A
P14037,A
P1754,A
P8507,A
P10710,A
P9466,A
P1212,A
P29659,A
P12554,A
P28904,A
P25369,A
P5443,A
P6127,A
P29297,A
P29391,A
P23116,A
P8716,A
P1871,A
P4834,A
P4118,A
P27100,A
P20365,A
P3095,A
P3779,A
P955,A
P6818,A
P17476,A
P14339,A
P14939,A
P26004,A
P901,A
P9741,A
P21520,A
P10685,A
P29040,A
P7204,A
P10758,A
P18793,A
P17201,A
P28429,A
P4756,A
P17899,A
P2189,A
P10291,A
P7067,A
P1627,A
P911,A
P24233,A
P29310,A
P14,A
P885,A
P26554,A
P25922,A
P26785,A
P46,A
P11775,A
P23236,A
P839,A
P8965,A
P23362,A
P9764,A
P9644,A
P11405,A
P11835,A
P683,A
P6256,A
P14672,A
P18446,A
P25733,A
P16127,A
P26136,A
P24573,A
P25403,A
P18601,A
P18278,A
P1665,A
P4053,A
P9950,A
P12954,A
P11250,A
P19052,A
P9388,A
P21310,A
P20622,A
P14516,A
P27979,A
P18459,A
P12892,A
P17844,A
P16690,A
P9271,A
P702,A
P7010,A
P4322,A
P2776,A
P3065,A
P18375,A
P12008,A
P7599,A
P7679,A
P19588,A
P7077,A
P2353,A
P4243,A
P7078,A
P10280,A
P3908,A
P2421,A
P19103,A
P29711,A
P10114,A
P19382,A
P29285,A
P12439,A
P27729,A
P913,A
P7989,A
P16184,A
P9518,A
P20922,A
P25566,A
P4178,A
P28650,A
P14888,A
P11523,A
P12716,A
P15488,A
P1568,A
P27631,A
P26224,A
P13270,A
P20297,A
P27606,A
P27422,A
P2333,A
P23757,A
P7919,A
P248,A
P11268,A
P18972,A
P1985,A
P15686,A
P11784,A
P12659,A
P5954,A
P23665,A
P18003,A
P23703,A
P4627,A
P3480,A
P10290,A
P7021,A
P26285,A
P761,A
P29595,A
P26221,A
P13395,A
P2730,A
P7597,A
P10295,A
P17898,A
P25954,A
P15597,A
P5913,A
P17365,A
P4526,A
P15395,A
P5256,A
P903,A
P15626,A
P25303,A
P20022,A
P15046,A
P96,A
P27627,A
P11376,A
P5596,A
P14550,A
P27308,A
P17018,A
P24284,A
P27590,A
P6675,A
P4418,A
P26166,A
P19755,A
P29839,A
P12680,A
P25908,A
P4687,A
P12068,A
P25923,A
P17096,A
P3832,A
P28541,A
P11166,A
P3208,A
P24554,A
P11763,A
P6900,A
P6449,A
P4976,A
P23575,A
P18223,A
P23925,A
P24878,A
P17989,A
P11135,A
P9129,A
P7394,A
P3569,A
P4182,A
P16292,A
P28633,A
P3521,A
P6564,A
P11047,A
P29925,A
P13482,A
P15694,A
P27976,A
P16097,A
P24257,A
P29947,A
P9735,A
P6205,A
P25379,A
P27886,A
P1521,A
P20665,A
P24559,A
P28111,A
P7387,A
P24778,A
P11266,A
P21772,A
P20438,A
P15179,A
P23885,A
P9828,A
P2337,A
P5419,A
P29216,A
P26298,A
P2252,A
P5752,A
P18944,A
P225,A
P28982,A
P17216,A
P7266,A
P26916,A
P21456,A
P29715,A
P29937,A
P11046,A
P9506,A
P18865,A
P27416,A
P11170,A
P17410,A
P6486,A
P11919,A
P8846,A
P10899,A
P18786,A
P28568,A
P19224,A
P7728,A
P22995,A
P9278,A
P8611,A
P24220,A
P18996,A
P5685,A
P9636,A
P11854,A
P3178,A
P22383,A
P3835,A
P16889,A
P12817,A
P14583,A
P28791,A
P25367,A
P11668,A
P6949,A
P23591,A
P1402,A
P15929,A
P1767,A
P20424,A
P23097,A
P1226,A
P11340,A
P20616,A
P16737,A
P23500,A
P2996,A
P26203,A
P12342,A
P24835,A
P3697,A
P5608,A
P6862,A
P18185,A
P18680,A
P17324,A
P24324,A
P25519,A
P29810,A
P27888,A
P12619,A
P17065,A
P7074,A
P17347,A
P24382,A
P1151,A
P3748,A
P7649,A
P3114,A
P11040,A
P5134,A
P1519,A
P12635,A
P4086,A
P23120,A
P9728,A
P10566,A
P15576,A
P18629,A
P15101,A
P8047,A
P7675,A
P24364,A
P14258,A
P16797,A
P10512,A
P21512,A
P2864,A
P15832,A
P1258,A
P7772,A
P13880,A
P22341,A
P18039,A
P11165,A
P4774,A
P27229,A
P14067,A
P21526,A
P19929,A
P12012,A
P9643,A
P11334,A
P28927,A
P3334,A
P23315,A
P1208,A
P12363,A
P8554,A
P19669,A
P15667,A
P27805,A
P16572,A
P17458,A
P15458,A
P24815,A
P26396,A
P5840,A
P24543,A
P7581,A
P20219,A
P10464,A
P17988,A
P24699,A
P12735,A
P13346,A
P21067,A
P10609,A
P27024,A
P29617,A
P26680,A
P3604,A
P8349,A
P4436,A
P26085,A
P24312,A
P22542,A
P22013,A
P3858,A
P3670,A
P29962,A
P13750,A
P24934,A
P5514,A
P8758,A
P17599,A
P10205,A
P17428,A
P16718,A
P17713,A
P14833,A
P7376,A
P14448,A
P25811,A
P8722,A
P27237,A
P18091,A
P22084,A
P3629,A
P21805,A
P24169,A
P10220,A
P27398,A
P16870,A
P14699,A
P18296,A
P25879,A
P2459,A
P11293,A
P14765,A
P27738,A
P261,A
P28880,A
P7925,A
P553,A
P3660,A
P18368,A
P5510,A
P3132,A
P4915,A
P15151,A
P18920,A
P1776,A
P3155,A
P15262,A
P29091,A
P25042,A
P26239,A
P2432,A
P27142,A
P27287,A
P16148,A
P20070,A
P4928,A
P11672,A
P5982,A
P9968,A
P28223,A
P16210,A
P10458,A
P26401,A
P10886,A
P7024,A
P28855,A
P9863,A
P28370,A
P26977,A
P11457,A
P14185,A
P24375,A
P21952,A
P5283,A
P9095,A
P1462,A
P18644,A
P18813,A
P18598,A
P6950,A
P13065,A
P12810,A
P3634,A
P9403,A
P7858,A
P10648,A
P7902,A
P1061,A
P13298,A
P29647,A
P22193,A
P6431,A
P1431,A
P5753,A
P28912,A
P27082,A
P14855,A
P4584,A
P25044,A
P19083,A
P20075,A
P12838,A
P22428,A
P19938,A
P12263,A
P21798,A
P23491,A
P11980,A
P24177,A
P27666,A
P24918,A
P4160,A
P22897,A
P6409,A
P2257,A
P15311,A
P14133,A
P29284,A
P4300,A
P15682,A
P1532,A
P1460,A
P11395,A
P3085,A
P6516,A
P16128,A
P21351,A
P8365,A
P2911,A
P7767,A
P581,A
P15521,A
P4757,A
P15078,A
P27614,A
P29186,A
P2373,A
P2629,A
P202,A
P12297,A
P21586,A
P3204,A
P6120,A
P653,A
P19138,A
P26466,A
P2202,A
P8069,A
P3153,A
P20344,A
P3128,A
P9208,A
P14654,A
P15555,A
P15974,A
P16765,A
P346,A
P26330,A
P19930,A
P17232,A
P29376,A
P13540,A
P9101,A
P5851,A
P9974,A
P12950,A
P19057,A
P27147,A
P28219,A
P23924,A
P4808,A
P27399,A
P28548,A
P15727,A
P26263,A
P8645,A
P3184,A
P779,A
P21909,A
P29000,A
P23413,A
P27012,A
P24089,A
P573,A
P481,A
P1905,A
P5978,A
P6853,A
P10144,A
P6172,A
P23823,A
P17209,A
P22225,A
P27869,A
P13000,A
P21975,A
P17110,A
P1918,A
P5786,A
P24486,A
P25255,A
P24944,A
P5096,A
P19493,A
P7486,A
P24804,A
P25912,A
P17919,A
P23386,A
P20260,A
P6707,A
P8826,A
P6656,A
P26971,A
P24252,A
P6579,A
P19611,A
P1204,A
P16798,A
P19232,A
P20946,A
P10488,A
P807,A
P19260,A
P13336,A
P27191,A
P13102,A
P23026,A
P20472,A
P2059,A
P13624,A
P29732,A
P10172,A
P910,A
P10281,A
P15858,A
P29207,A
P24453,A
P27023,A
P17855,A
P21315,A
P8474,A
P15127,A
P25578,A
P923,A
P15029,A
P10962,A
P22862,A
P11014,A
P8561,A
P12572,A
P9510,A
P28921,A
P26309,A
P22949,A
P17665,A
P25226,A
P19145,A
P10608,A
P19173,A
P2551,A
P340,A
P8958,A
P3019,A
P22024,A
P19655,A
P27718,A
P5656,A
P26288,A
P26613,A
P148,A
P19070,A
P11203,A
P23365,A
P20598,A
P26700,A
P29149,A
P14493,A
P4413,A
P14628,A
P1230,A
P11533,A
P19080,A
P19711,A
P3414,A
P5420,A
P17638,A
P19784,A
P11337,A
P6009,A
P28246,A
P25436,A
P15390,A
P6179,A
P13548,A
P9077,A
P24467,A
P3990,A
P2408,A
P26434,A
P21374,A
P23099,A
P12165,A
P12329,A
P29132,A
P24525,A
P9742,A
P3922,A
P21330,A
P1384,A
P23522,A
P19676,A
P16678,A
P4297,A
P18700,A
P24801,A
P18500,A
P13703,A
P603,A
P25929,A
P27834,A
P17822,A
P20891,A
P1127,A
P8998,A
P19042,A
P13357,A
P5564,A
P27317,A
P7488,A
P29222,A
P14995,A
P20081,A
P16248,A
P1104,A
P18492,A
P16726,A
P23498,A
P26464,A
P19884,A
P15468,A
P14927,A
P26071,A
P24982,A
P7620,A
P14111,A
P20508,A
P28064,A
P29223,A
P1162,A
P19119,A
P25773,A
P22223,A
P29855,A
P4327,A
P16731,A
P9245,A
P802,A
P12712,A
P1121,A
P26407,A
P23903,A
P6086,A
P12023,A
P29095,A
P15016,A
P27968,A
P6917,A
P29933,A
P29202,A
P24325,A
P1088,A
P15362,A
P28375,A
P9476,A
P22908,A
P20743,A
P18313,A
P24037,A
P4685,A
P16763,A
P5903,A
P9437,A
P29713,A
P5801,A
P17163,A
P15433,A
P29778,A
P10999,A
P3501,A
P9512,A
P28028,A
P20395,A
P24300,A
P27517,A
P16357,A
P27825,A
P21732,A
P10325,A
P28360,A
P15109,A
P22856,A
P22051,A
P9519,A
P989,A
P6553,A
P14140,A
P9490,A
P3365,A
P23370,A
P132,A
P19545,A
P28170,A
P28046,A
P23553,A
P25395,A
P18491,A
P22443,A
P18150,A
P4602,A
P7956,A
P29825,A
P14094,A
P189,A
P24056,A
P9346,A
P28969,A
P11180,A
P17038,A
P22620,A
P13313,A
P23107,A
P22274,A
P26475,A
P11223,A
P29048,A
P10404,A
P5224,A
P6854,A
P3771,A
P18935,A
P20977,A
P25894,A
P4257,A
P20542,A
P29333,A
P17983,A
P14077,A
P17059,A
P7830,A
P267,A
P11488,A
P8157,A
P2946,A
P50,A
P29133,A
P19373,A
P15526,A
P29347,A
P18960,A
P10177,A
P25984,A
P857,A
P18792,A
P16884,A
P15822,A
P27538,A
P12771,A
P26043,A
P2549,A
P7128,A
P27280,A
P1421,A
P10238,A
P5581,A
P21959,A
P3229,A
P8703,A
P13088,A
P6089,A
P21961,A
P116,A
P12457,A
P12963,A
P22697,A
P1404,A
P20398,A
P8185,A
P14357,A
P23904,A
P1816,A
P21225,A
P13730,A
P272,A
P25030,A
P17398,A
P18592,A
P15759,A
P25432,A
P3681,A
P17573,A
P28043,A
P556,A
P29392,A
P9302,A
P17214,A
P22617,A
P23675,A
P7263,A
P9854,A
P7107,A
P930,A
P21028,A
P11569,A
P28304,A
P3072,A
P14348,A
P24343,A
P16832,A
P3581,A
P16713,A
P184,A
P15557,A
P17946,A
P4938,A
P2084,A
P2435,A
P21296,A
P16921,A
P22430,A
P20152,A
P18279,A
P3870,A
P6257,A
P22914,A
P19174,A
P17600,A
P19923,A
P27379,A
P12755,A
P28418,A
P2187,A
P5987,A
P27644,A
P19679,A
P26432,A
P14139,A
P18948,A
P2195,A
P29752,A
P12326,A
P20134,A
P10916,A
P7121,A
P23775,A
P29878,A
P391,A
P17314,A
P18623,A
P26791,A
P10614,A
P11667,A
P17815,A
P20699,A
P6978,A
P26354,A
P20527,A
P24814,A
P14543,A
P20928,A
P25185,A
P23720,A
P7906,A
P8994,A
P15063,A
P6265,A
P20927,A
P20951,A
P3372,A
P3097,A
P4008,A
P15770,A
P25734,A
P3672,A
P20861,A
P3209,A
P23320,A
P12117,A
P22578,A
P6446,A
P19376,A
P8896,A
P24,A
P11830,A
P9543,A
P16981,A
P2006,A
P5361,A
P20776,A
P1612,A
P27531,A
P14151,A
P7848,A
P22151,A
P12825,A
P20287,A
P29703,A
P12692,A
P7761,A
P17094,A
P7964,A
P2326,A
P28082,A
P20019,A
P3386,A
P19054,A
P18677,A
P11527,A
P25822,A
P24490,A
P15013,A
P28532,A
P991,A
P24760,A
P7774,A
P4051,A
P19350,A
P22627,A
P2445,A
P13144,A
P23227,A
P764,A
P10004,A
P1795,A
P22414,A
P3764,A
P14675,A
P29478,A
P2193,A
P17132,A
P6856,A
P14218,A
P24931,A
P24707,A
P11678,A
P1218,A
P27877,A
P21655,A
P4163,A
P1025,A
P1468,A
P13265,A
P9028,A
P16433,A
P3960,A
P26655,A
P21045,A
P15014,A
P24585,A
P23779,A
P28316,A
P25295,A
P15499,A
P19030,A
P8413,A
P2162,A
P24609,A
P7985,A
P23424,A
P29150,A
P11320,A
P22470,A
P27730,A
P5448,A
P26844,A
P4951,A
P7894,A
P21173,A
P16302,A
P10115,A
P26301,A
P27755,A
P19589,A
P21414,A
P9504,A
P8350,A
P3418,A
P27274,A
P11375,A
P28853,A
P13684,A
P2158,A
P19310,A
P15166,A
P21128,A
P3689,A
P10158,A
P4038,A
P18950,A
P19942,A
P26753,A
P29085,A
P2000,A
P16699,A
P28038,A
P16133,A
P29507,A
P20988,A
P21123,A
P4162,A
P10574,A
P10019,A
P23531,A
P8400,A
P13486,A
P6215,A
P28772,A
P9686,A
P17369,A
P13523,A
P22665,A
P5303,A
P24508,A
P8556,A
P6719,A
P23526,A
P99,A
P25373,A
P7065,A
P25186,A
P2117,A
P18801,A
P27352,A
P23218,A
P18740,A
P817,A
P4313,A
P15318,A
P749,A
P4895,A
P14896,A
P4530,A
P14440,A
P24011,A
P8676,A
P26815,A
P199,A
P1548,A
P13392,A
P15610,A
P29782,A
P4106,A
P10957,A
P5388,A
P21542,A
P15765,A
P16835,A
P8943,A
P23774,A
P8725,A
P17047,A
P14935,A
P1323,A
P15249,A
P21116,A
P9607,A
P22494,A
P22456,A
P18730,A
P19439,A
P29335,A
P28022,A
P20351,A
P13318,A
P10492,A
P6202,A
P6026,A
P7410,A
P6475,A
P5338,A
P3218,A
P26973,A
P15679,A
P17508,A
P29746,A
P26385,A
P19780,A
P19750,A
P24445,A
P9993,A
P10078,A
P5089,A
P22447,A
P11655,A
P14074,A
P5389,A
P19058,A
P4427,A
P19859,A
P12116,A
P4087,A
P6633,A
P13662,A
P1014,A
P4217,A
P6624,A
P7568,A
P10287,A
P10748,A
P28109,A
P10421,A
P23311,A
P28310,A
P16930,A
P6029,A
P15873,A
P13434,A
P14453,A
P16381,A
P11210,A
P16749,A
P5377,A
P28289,A
P12028,A
P4231,A
P27706,A
P12217,A
P26640,A
P16719,A
P3519,A
P25039,A
P28657,A
P6661,A
P16053,A
P29836,A
P23537,A
P23139,A
P28409,A
P11441,A
P19114,A
P16115,A
P14389,A
P15787,A
P6613,A
P28588,A
P21199,A
P10008,A
P23070,A
P25998,A
P20241,A
P6064,A
P17860,A
P9513,A
P17604,A
P22437,A
P28266,A
P14952,A
P14567,A
P8471,A
P15913,A
P9130,A
P9713,A
P6016,A
P11503,A
P5400,A
P21332,A
P6428,A
P11333,A
P24381,A
P9161,A
P4641,A
P6824,A
P15612,A
P5745,A
P20791,A
P12943,A
P1892,A
P8013,A
P20597,A
P15404,A
P20715,A
P24071,A
P18511,A
P23660,A
P5567,A
P7706,A
P8092,A
P26974,A
P29806,A
P6037,A
P12000,A
P4925,A
P16174,A
P18876,A
P7683,A
P5010,A
P17192,A
P17755,A
P15496,A
P3318,A
P29470,A
P23837,A
P27555,A
P3852,A
P17918,A
P9907,A
P20751,A
P11196,A
P8137,A
P3950,A
P18536,A
P4227,A
P14241,A
P7647,A
P20936,A
P18875,A
P14370,A
P5473,A
P25401,A
P7288,A
P21934,A
P14657,A
P3695,A
P25236,A
P19364,A
P2896,A
P22581,A
P17632,A
P25679,A
P8141,A
P6230,A
P8022,A
P11507,A
P2049,A
P28737,A
P19900,A
P4170,A
P9384,A
P13535,A
P5366,A
P26900,A
P20985,A
P11529,A
P24216,A
P9426,A
P25018,A
P8863,A
P1826,A
P29544,A
P26630,A
P18767,A
P9708,A
P7879,A
P13023,A
P5822,A
P22392,A
P26869,A
P6105,A
P4500,A
P3084,A
P16049,A
P6834,A
P23140,A
P1319,A
P17087,A
P13431,A
P16356,A
P12431,A
P13348,A
P18032,A
P14409,A
P447,A
P23928,A
P10201,A
P26265,A
P3722,A
P5630,A
P25228,A
P21912,A
P3360,A
P11662,A
P2118,A
P506,A
P3183,A
P7731,A
P23465,A
P2792,A
P395,A
P6263,A
P29072,A
P29213,A
P15219,A
P27572,A
P22997,A
P5112,A
P27221,A
P16631,A
P14026,A
P14162,A
P28775,A
P23108,A
P25319,A
P15327,A
P8359,A
P26686,A
P24690,A
P16152,A
P9457,A
P8569,A
P7245,A
P19715,A
P2490,A
P18498,A
P10819,A
P15990,A
P14826,A
P222,A
P9586,A
P26365,A
P22085,A
P23973,A
P14470,A
P5070,A
P24083,A
P25705,A
P4614,A
P22604,A
P6228,A
P1712,A
P15857,A
P497,A
P15847,A
P4195,A
P3376,A
P27000,A
P11498,A
P19344,A
P19689,A
P17070,A
P8165,A
P12504,A
P7718,A
P13574,A
P24487,A
P9486,A
P10189,A
P6596,A
P1156,A
P8652,A
P17015,A
P13243,A
P7864,A
P5568,A
P4989,A
P21289,A
P28698,A
P7166,A
P2122,A
P9354,A
P29765,A
P9737,A
P7032,A
P11208,A
P26847,A
P17605,A
P16076,A
P23382,A
P11511,A
P7312,A
P19573,A
P15196,A
P19452,A
P24900,A
P1423,A
P20146,A
P14262,A
P11261,A
P10380,A
P10536,A
P10370,A
P10359,A
P636,A
P25259,A
P25080,A
P17431,A
P193,A
P19024,A
P27315,A
P19609,A
P7267,A
P19586,A
P3212,A
P21290,A
P25487,A
P10843,A
P23768,A
P24717,A
P9554,A
P19541,A
P15022,A
P28240,A
P19687,A
P26643,A
P11850,A
P73,A
P15087,A
P1538,A
P5124,A
P21505,A
P16976,A
P25243,A
P14158,A
P19122,A
P10219,A
P28729,A
P2699,A
P24463,A
P9001,A
P9575,A
P12917,A
P7359,A
P26441,A
P9623,A
P13386,A
P25107,A
P23426,A
P1855,A
P14992,A
P11276,A
P23287,A
P12231,A
P23270,A
P27278,A
P834,A
P19155,A
P20305,A
P706,A
P19118,A
P1569,A
P14636,A
P11801,A
P20382,A
P19694,A
P20960,A
P17966,A
P708,A
P8260,A
P11430,A
P23940,A
P18435,A
P16580,A
P24392,A
P5064,A
P12933,A
P14617,A
P21509,A
P15149,A
P16746,A
P9834,A
P7188,A
P25336,A
P12535,A
P22843,A
P27902,A
P20676,A
P23390,A
P13757,A
P15009,A
P29789,A
P29457,A
P2987,A
P12387,A
P6643,A
P29576,A
P11057,A
P26145,A
P22495,A
P159,A
P10940,A
P25883,A
P10354,A
P26818,A
P21635,A
P3295,A
P9613,A
P26492,A
P5038,A
P25014,A
P21211,A
P8924,A
P4175,A
P15509,A
P17635,A
P16646,A
P7216,A
P4392,A
P4311,A
P4042,A
P21416,A
P20452,A
P16573,A
P26942,A
P21651,A
P8303,A
P1671,A
P3091,A
P20292,A
P24294,A
P846,A
P6667,A
P18971,A
P19248,A
P15467,A
P6810,A
P5110,A
P14388,A
P6124,A
P29530,A
P17495,A
P15508,A
P12898,A
P10021,A
P17076,A
P28505,A
P17725,A
P24555,A
P8675,A
P26327,A
P18697,A
P3012,A
P5938,A
P16106,A
P18483,A
P15901,A
P2093,A
P8477,A
P8666,A
P12139,A
P25745,A
P22482,A
P12805,A
P20921,A
P26897,A
P21515,A
P5322,A
P24847,A
P5431,A
P7415,A
P17492,A
P4181,A
P21962,A
P21325,A
P28934,A
P13614,A
P21420,A
P7933,A
P7003,A
P23789,A
P16078,A
P5484,A
P26220,A
P24764,A
P26875,A
P13244,A
P2367,A
P23415,A
P15961,A
P29176,A
P25227,A
P15024,A
P29699,A
P10982,A
P1484,A
P7817,A
P587,A
P12037,A
P7479,A
P26889,A
P22083,A
P6589,A
P2251,A
P13735,A
P8286,A
P21995,A
P15791,A
P7555,A
P17517,A
P1101,A
P8225,A
P24670,A
P22645,A
P23388,A
P11970,A
P8851,A
P28725,A
P13500,A
P14590,A
P29240,A
P29538,A
P29692,A
P3497,A
P2220,A
P10228,A
P2109,A
P22975,A
P23839,A
P9242,A
P25125,A
P9127,A
P10759,A
P19384,A
P14328,A
P17086,A
P19771,A
P18929,A
P18519,A
P5769,A
P9475,A
P15365,A
P24722,A
P28780,A
P27333,A
P2448,A
P3939,A
P13251,A
P20140,A
P14447,A
P838,A
P20688,A
P20621,A
P5812,A
P24682,A
P4999,A
P5813,A
P8602,A
P13667,A
P24623,A
P10807,A
P23207,A
P5055,A
P186,A
P21463,A
P5883,A
P696,A
P10453,A
P2910,A
P24088,A
P21864,A
P17566,A
P254,A
P10321,A
P16660,A
P29124,A
P10296,A
P28784,A
P14728,A
P19851,A
P25672,A
P11073,A
P10640,A
P307,A
P16975,A
P8934,A
P24736,A
P19068,A
P5451,A
P5995,A
P20716,A
P2671,A
P1861,A
P14653,A
P28001,A
P1159,A
P768,A
P19091,A
P23150,A
P14245,A
P23383,A
P27943,A
P4124,A
P14983,A
P28243,A
P27491,A
P10191,A
P25789,A
P28178,A
P27048,A
P18173,A
P14284,A
P6750,A
P22746,A
P15939,A
P24531,A
P9400,A
P2197,A
P5926,A
P7438,A
P18022,A
P9336,A
P25490,A
P7468,A
P8926,A
P5546,A
P14603,A
P17035,A
P15582,A
P6822,A
P20944,A
P24268,A
P2692,A
P29291,A
P17228,A
P10641,A
P29725,A
P27209,A
P25237,A
P3985,A
P24244,A
P467,A
P14536,A
P6260,A
P11173,A
P7979,A
P24765,A
P25467,A
P3387,A
P14028,A
P27942,A
P4473,A
P7685,A
P22718,A
P6049,A
P18290,A
P2923,A
P16113,A
P26737,A
P3682,A
P17243,A
P7542,A
P13471,A
P8788,A
P4240,A
P12336,A
P5457,A
P16933,A
P18956,A
P5868,A
P13803,A
P21900,A
P23445,A
P22077,A
P28587,A
P10178,A
P24794,A
P11443,A
P15541,A
P15277,A
P22859,A
P18541,A
P28538,A
P11256,A
P4903,A
P13110,A
P24067,A
P8150,A
P17285,A
P24082,A
P29583,A
P6070,A
P15516,A
P9859,A
P28595,A
P10419,A
P521,A
P1303,A
P13792,A
P625,A
P4838,A
P10225,A
P24953,A
P3979,A
P3568,A
P24758,A
P19631,A
P12473,A
P26868,A
P16872,A
P17934,A
P13212,A
P4847,A
P28789,A
P29684,A
P16420,A
P8230,A
P19824,A
P22965,A
P20324,A
P20293,A
P6181,A
P3505,A
P21121,A
P10030,A
P15601,A
P25836,A
P19436,A
P14130,A
P1396,A
P8028,A
P891,A
P7579,A
P15144,A
P16496,A
P11410,A
P12279,A
P29502,A
P905,A
P6549,A
P29892,A
P22607,A
P21551,A
P4403,A
P7327,A
P5846,A
P12749,A
P4281,A
P29397,A
P21246,A
P4868,A
P1369,A
P21514,A
P21403,A
P4499,A
P12725,A
P8147,A
P4326,A
P9811,A
P8495,A
P15636,A
P6846,A
P26339,A
P20691,A
P10431,A
P19015,A
P17652,A
P1095,A
P8717,A
P1550,A
P22707,A
P14221,A
P22689,A
P18222,A
P9343,A
P14373,A
P11497,A
P8425,A
P26186,A
P1727,A
P29833,A
P27227,A
P17557,A
P10565,A
P14044,A
P12299,A
P1870,A
P14711,A
P28678,A
P12258,A
P8724,A
P12622,A
P15214,A
P21935,A
P16459,A
P14804,A
P16138,A
P20360,A
P19574,A
P1341,A
P6757,A
P25550,A
P17027,A
P21200,A
P9678,A
P25088,A
P27143,A
P14836,A
P6048,A
P22287,A
P11601,A
P20652,A
P18981,A
P1953,A
P13255,A
P721,A
P13246,A
P13319,A
P14503,A
P12311,A
P22909,A
P7552,A
P11575,A
P26065,A
P28998,A
P6698,A
P20664,A
P8130,A
P26187,A
P11200,A
P18554,A
P4232,A
P18863,A
P11178,A
P8745,A
P22006,A
P3196,A
P19890,A
P13227,A
P18568,A
P26509,A
P21147,A
P29514,A
P11368,A
P3255,A
P10314,A
P1256,A
P24446,A
P12538,A
P19817,A
P21740,A
P10033,A
P20755,A
P20718,A
P28333,A
P29334,A
P10709,A
P17592,A
P823,A
P21203,A
P14694,A
P14424,A
P15658,A
P15347,A
P18995,A
P20383,A
P29915,A
P29210,A
P4539,A
P23890,A
P25285,A
P791,A
P3611,A
P23807,A
P20067,A
P18129,A
P13452,A
P8715,A
P8437,A
P10257,A
P27006,A
P1326,A
P15171,A
P3286,A
P3444,A
P6149,A
P28210,A
P25114,A
P2768,A
P3777,A
P11983,A
P9439,A
P15567,A
P5613,A
P5346,A
P22394,A
P15231,A
P27448,A
P5675,A
P11407,A
P11328,A
P15813,A
P15066,A
P1059,A
P26335,A
P26752,A
P19710,A
P5974,A
P3573,A
P12919,A
P28623,A
P6892,A
P21691,A
P16135,A
P12215,A
P24548,A
P14413,A
P11129,A
P9629,A
P10366,A
P10206,A
P26006,A
P14872,A
P9527,A
P18566,A
P28099,A
P18871,A
P3075,A
P10903,A
P27978,A
P2575,A
P1950,A
P17811,A
P1526,A
P11445,A
P6090,A
P24655,A
P7002,A
P6974,A
P9955,A
P7310,A
P16902,A
P8,A
P15106,A
P3796,A
P2488,A
P29162,A
P18079,A
P20869,A
P17817,A
P26699,A
P17371,A
P27431,A
P5417,A
P10505,A
P9359,A
P12968,A
P5633,A
P24667,A
P23780,A
P5182,A
P14023,A
P15206,A
P28669,A
P7738,A
P27473,A
P28565,A
P12483,A
P6367,A
P19051,A
P6989,A
P22268,A
P27359,A
P18559,A
P2948,A
P15280,A
P4424,A
P10261,A
P24126,A
P17796,A
P10074,A
P14380,A
P21949,A
P1368,A
P26615,A
P4123,A
P14462,A
P24212,A
P3300,A
P7190,A
P8011,A
P1028,A
P9298,A
P26963,A
P8835,A
P3734,A
P2466,A
P13119,A
P4319,A
P9849,A
P13042,A
P7115,A
P23485,A
P6634,A
P14589,A
P23290,A
P27154,A
P6649,A
P23600,A
P23442,A
P28093,A
P21457,A
P23022,A
P2900,A
P4267,A
P21987,A
P19733,A
P20697,A
P822,A
P22039,A
P12052,A
P10977,A
P4541,A
P8235,A
P25754,A
P12824,A
P5352,A
P19007,A
P23368,A
P14882,A
P6821,A
P13668,A
P15738,A
P1324,A
P1959,A
P3348,A
P24028,A
P2684,A
P26086,A
P29029,A
P16482,A
P4788,A
P24603,A
P17594,A
P1529,A
P13476,A
P18663,A
P12773,A
P26412,A
P3088,A
P24870,A
P1372,A
P1701,A
P14990,A
P20816,A
P6911,A
P10604,A
P22820,A
P24386,A
P16454,A
P14107,A
P2757,A
P24605,A
P20185,A
P26213,A
P17350,A
P25215,A
P2610,A
P26240,A
P22958,A
P10095,A
P4524,A
P8319,A
P8993,A
P3315,A
P25482,A
P19486,A
P5475,A
P9044,A
P14309,A
P22790,A
P648,A
P21797,A
P5342,A
P685,A
P10014,A
P805,A
P16923,A
P18958,A
P12108,A
P6574,A
P21894,A
P6889,A
P23312,A
P27605,A
P22853,A
P18941,A
P28776,A
P2777,A
P15110,A
P17481,A
P22331,A
P17501,A
P3163,A
P9958,A
P563,A
P21566,A
P26907,A
P19957,A
P23293,A
P28192,A
P17064,A
P29681,A
P22074,A
P3,A
P5642,A
P23471,A
P23740,A
P15413,A
P23674,A
P5439,A
P13965,A
P27592,A
P21974,A
P21183,A
P27716,A
P3553,A
P16072,A
P12521,A
P25858,A
P29066,A
P8542,A
P6478,A
P7384,A
P3507,A
P10454,A
P28312,A
P17117,A
P16221,A
P6050,A
P15904,A
P4188,A
P474,A
P19995,A
P11244,A
P28214,A
P21737,A
P19622,A
P15816,A
P15659,A
P26660,A
P15543,A
P27838,A
P4501,A
P15689,A
P22519,A
P17829,A
P13862,A
P4786,A
P11065,A
P21286,A
P12971,A
P24104,A
P21295,A
P28591,A
P7046,A
P15268,A
P22374,A
P15207,A
P10934,A
P15737,A
P15975,A
P3900,A
P12633,A
P17799,A
P9924,A
P11653,A
P20707,A
P23354,A
P15080,A
P4117,A
P8320,A
P10240,A
P25334,A
P5135,A
P8108,A
P8760,A
P25757,A
P6924,A
P22091,A
P28230,A
P26051,A
P27070,A
P26008,A
P17990,A
P24148,A
P12832,A
P4874,A
P13072,A
P14254,A
P6500,A
P10391,A
P23984,A
P28386,A
P3671,A
P1264,A
P27585,A
P17550,A
P1034,A
P9712,A
P7681,A
P4647,A
P27077,A
P6326,A
P24841,A
P23971,A
P11215,A
P14052,A
P21044,A
P27865,A
P28722,A
P15126,A
P25313,A
P23742,A
P14644,A
P10264,A
P20205,A
P8232,A
P1232,A
P17881,A
P18477,A
P5831,A
P2690,A
P16957,A
P25582,A
P492,A
P7648,A
P7749,A
P24860,A
P13479,A
P19777,A
P13011,A
P8792,A
P19187,A
P13049,A
P21030,A
P14696,A
P18122,A
P1557,A
P19759,A
P19037,A
P16137,A
P28823,A
P5580,A
P10063,A
P27281,A
P206,A
P1452,A
P16779,A
P12495,A
P24362,A
P14524,A
P28373,A
P17549,A
P13813,A
P28582,A
P3790,A
P15461,A
P21066,A
P25492,A
P1097,A
P14250,A
P5723,A
P20103,A
P28740,A
P28839,A
P21311,A
P2409,A
P18710,A
P198,A
P14428,A
P16830,A
P2206,A
P13832,A
P15138,A
P28446,A
P12589,A
P20423,A
P27676,A
P9432,A
P13311,A
P19466,A
P8065,A
P8410,A
P23497,A
P3266,A
P21065,A
P13468,A
P24475,A
P16600,A
P28537,A
P26884,A
P3481,A
P17097,A
P7154,A
P24141,A
P9887,A
P5756,A
P8335,A
P28279,A
P17915,A
P16827,A
P24214,A
P10097,A
P21399,A
P16002,A
P19474,A
P29181,A
P7485,A
P9634,A
P20624,A
P25328,A
P13245,A
P19261,A
P29661,A
P19523,A
P14487,A
P8637,A
P9309,A
P28752,A
P23915,A
P9679,A
P18535,A
P17391,A
P13367,A
P9672,A
P22465,A
P334,A
P17316,A
P3937,A
P23331,A
P3236,A
P12928,A
P3221,A
P8163,A
P3401,A
P23912,A
P23541,A
P1839,A
P14091,A
P18922,A
P26127,A
P7720,A
P20789,A
P28578,A
P12563,A
P21843,A
P6483,A
P7732,A
P9442,A
P20308,A
P29337,A
P23102,A
P15513,A
P8398,A
P2999,A
P2529,A
P5796,A
P15410,A
P24297,A
P1045,A
P16518,A
P3541,A
P13755,A
P19346,A
P23495,A
P16455,A
P9258,A
P23178,A
P19504,A
P18692,A
P26352,A
P5221,A
P26708,A
P1052,A
P10277,A
P22418,A
P24941,A
P24523,A
P17534,A
P27397,A
P4296,A
P21073,A
P6411,A
P25102,A
P26665,A
P6503,A
P12560,A
P24388,A
P18197,A
P27008,A
P15562,A
P3122,A
P974,A
P4605,A
P13875,A
P12985,A
P6322,A
P3391,A
P4936,A
P10803,A
P16044,A
P3035,A
P18041,A
P3081,A
P28472,A
P19539,A
P2561,A
P23714,A
P5845,A
P22459,A
P20015,A
P596,A
P7439,A
P29231,A
P13507,A
P5748,A
P6436,A
P4740,A
P17575,A
P24314,A
P7691,A
P24807,A
P524,A
P606,A
P15958,A
P13060,A
P23880,A
P28381,A
P22276,A
P27101,A
P27841,A
P25402,A
P5823,A
P6786,A
P18707,A
P2207,A
P15204,A
P23831,A
P28836,A
P28701,A
P17939,A
P24503,A
P21835,A
P19093,A
P3116,A
P12760,A
P22863,A
P20427,A
P10221,A
P28831,A
P19786,A
P26883,A
P20711,A
P20068,A
P25298,A
P22889,A
P17003,A
P1120,A
P17872,A
P19591,A
P24165,A
P18221,A
P24507,A
P7780,A
P18800,A
P0,A
P27324,A
P629,A
P27736,A
P2721,A
P27986,A
P5155,A
P12441,A
P18392,A
P12026,A
P3928,A
P20961,A
P9331,A
P23323,A
P14459,A
P12220,A
P28348,A
P20198,A
P29079,A
P6373,A
P22300,A
P27989,A
P370,A
P18736,A
P3492,A
P23246,A
P12048,A
P4306,A
P23487,A
P20319,A
P15645,A
P14375,A
P12853,A
P13230,A
P15559,A
P21577,A
P15287,A
P26594,A
P873,A
P26110,A
P10103,A
P21944,A
P10333,A
P21373,A
P26543,A
P5526,A
P1878,A
P14307,A
P13549,A
P2532,A
P14950,A
P21236,A
P27973,A
P4703,A
P458,A
P7317,A
P7576,A
P8267,A
P19451,A
P25496,A
P19304,A
P13814,A
P19953,A
P7183,A
P12085,A
P4102,A
P2573,A
P21532,A
P10403,A
P11233,A
P28332,A
P12748,A
P21473,A
P22920,A
P6804,A
P29996,A
P8422,A
P21425,A
P16603,A
P456,A
P28635,A
P6591,A
P22930,A
P1056,A
P6976,A
P29451,A
P5121,A
P25455,A
P22874,A
P11084,A
P25085,A
P18072,A
P2054,A
P20460,A
P3325,A
P26404,A
P3991,A
P20633,A
P7752,A
P11202,A
P21536,A
P29440,A
P14512,A
P28174,A
P4677,A
P28018,A
P4935,A
P21545,A
P16838,A
P9265,A
P8000,A
P6338,A
P8913,A
P23077,A
P16073,A
P26623,A
P27741,A
P1364,A
P7656,A
P28247,A
P23855,A
P1494,A
P19790,A
P19191,A
P4305,A
P2844,A
P27574,A
P17180,A
P26415,A
P12123,A
P994,A
P11317,A
P22571,A
P24033,A
P12860,A
P11090,A
P16807,A
P23573,A
P19816,A
P22742,A
P6766,A
P4572,A
P948,A
P17378,A
P24997,A
P25570,A
P2248,A
P8911,A
P28999,A
P22252,A
P16664,A
P15241,A
P27693,A
P25800,A
P25955,A
P3344,A
P25050,A
P15683,A
P18515,A
P15012,A
P20606,A
P15925,A
P16890,A
P9193,A
P4556,A
P26499,A
P666,A
P24639,A
P15378,A
P183,A
P24506,A
P13550,A
P6844,A
P5150,A
P13584,A
P5033,A
P15548,A
P11736,A
P12177,A
P3619,A
P3430,A
P24562,A
P21571,A
P10029,A
P10534,A
P11987,A
P11272,A
P6522,A
P4194,A
P17140,A
P20956,A
P17305,A
P15440,A
P7522,A
P27791,A
P21547,A
P41,A
P18089,A
P21198,A
P8177,A
P28679,A
P27052,A
P17701,A
P7915,A
P24332,A
P2804,A
P26605,A
P12768,A
P13503,A
P8916,A
P25005,A
P24255,A
P4017,A
P23072,A
P20825,A
P57,A
P13842,A
P2430,A
P17512,A
P16117,A
P29142,A
P7122,A
P23746,A
P19975,A
P25716,A
P4493,A
P28906,A
P19871,A
P8643,A
P94,A
P2104,A
P27137,A
P5268,A
P18715,A
P18115,A
P4345,A
P12866,A
P4745,A
P10479,A
P631,A
P24217,A
P22515,A
P12150,A
P20397,A
P10994,A
P2704,A
P23562,A
P8074,A
P23172,A
P20286,A
P428,A
P7622,A
P9602,A
P21273,A
P4610,A
P18576,A
P16300,A
P8155,A
P29038,A
P9159,A
P6153,A
P23,A
P24387,A
P4028,A
P5277,A
P11766,A
P25548,A
P4488,A
P25161,A
P27896,A
P10627,A
P1157,A
P13610,A
P4607,A
P1041,A
P12757,A
P7483,A
P15289,A
P27823,A
P3836,A
P1085,A
P28128,A
P17278,A
P23922,A
P13981,A
P14337,A
P26563,A
P17880,A
P19960,A
P22073,A
P23084,A
P17294,A
P11592,A
P17617,A
P19756,A
P2376,A
P19488,A
P20041,A
P27454,A
P4716,A
P28282,A
P29518,A
P15473,A
P2450,A
P24781,A
P7843,A
P5983,A
P24706,A
P3011,A
P11590,A
P29946,A
P7068,A
P21893,A
P1406,A
P21009,A
P16337,A
P23791,A
P5659,A
P1233,A
P8182,A
P21709,A
P23192,A
P16141,A
P21882,A
P18018,A
P3847,A
P14830,A
P22209,A
P11302,A
P27728,A
P16591,A
P14366,A
P9768,A
P28442,A
P8631,A
P2052,A
P6217,A
P13473,A
P14128,A
P13771,A
P21908,A
P28439,A
P19724,A
P15020,A
P4653,A
P3810,A
P18016,A
P16317,A
P25140,A
P8040,A
P15430,A
P23977,A
P26628,A
P12289,A
P7662,A
P10025,A
P8816,A
P25491,A
P13724,A
P22639,A
P3863,A
P18164,A
P25178,A
P2666,A
P24180,A
P29877,A
P29427,A
P21765,A
P14176,A
P6112,A
P24630,A
P29035,A
P2707,A
P16561,A
P27819,A
P20178,A
P23375,A
P8374,A
P16151,A
P11949,A
P29179,A
P24829,A
P3033,A
P21699,A
P22947,A
P4183,A
P10529,A
P11422,A
P10557,A
P19886,A
P22728,A
P2131,A
P28105,A
P19299,A
P28398,A
P15367,A
P1551,A
P23845,A
P25058,A
P5873,A
P19540,A
P11625,A
P4728,A
P242,A
P12151,A
P19752,A
P5452,A
P14331,A
P8825,A
P22324,A
P24143,A
P21195,A
P3004,A
P27351,A
P13869,A
P11132,A
P27661,A
P14300,A
P25763,A
P28290,A
P27447,A
P9213,A
P17621,A
P10576,A
P27200,A
P6948,A
P9521,A
P22781,A
P11867,A
P15455,A
P14977,A
P7849,A
P9840,A
P24397,A
P13380,A
P2165,A
P9011,A
P4151,A
P13335,A
P25590,A
P24560,A
P3705,A
P8566,A
P6841,A
P15680,A
P27688,A
P7725,A
P2841,A
P4846,A
P1762,A
P17382,A
P19017,A
P10243,A
P29041,A
P21478,A
P3717,A
P2199,A
P3761,A
P29294,A
P28377,A
P3100,A
P3338,A
P20136,A
P16063,A
P5109,A
P17229,A
P19412,A
P26336,A
P4337,A
P20572,A
P12494,A
P23274,A
P22309,A
P12526,A
P29691,A
P5438,A
P5151,A
P14183,A
P16448,A
P1947,A
P23058,A
P13773,A
P23747,A
P2736,A
P29414,A
P10719,A
P1693,A
P19751,A
P25397,A
P26180,A
P18986,A
P18666,A
P9501,A
P28677,A
P18518,A
P20919,A
P4349,A
P21280,A
P12778,A
P15911,A
P418,A
P28071,A
P24776,A
P998,A
P3907,A
P17257,A
P7418,A
P26161,A
P5684,A
P6163,A
P1919,A
P12438,A
P26652,A
P20611,A
P25674,A
P16791,A
P29923,A
P14881,A
P10188,A
P19652,A
P9141,A
P25812,A
P25111,A
P4771,A
P6710,A
P6191,A
P313,A
P15331,A
P25982,A
P1872,A
P3818,A
P6291,A
P10048,A
P7313,A
P137,A
P15870,A
P6641,A
P29710,A
P8212,A
P25661,A
P2831,A
P5072,A
P13089,A
P27682,A
P14474,A
P12516,A
P24582,A
P444,A
P25725,A
P1587,A
P17904,A
P4348,A
P12171,A
P15071,A
P25924,A
P23333,A
P28738,A
P26409,A
P3959,A
P27913,A
P19607,A
P29978,A
P15995,A
P10603,A
P16683,A
P9103,A
P23945,A
P13157,A
P12903,A
P5575,A
P14828,A
P28907,A
P24869,A
P245,A
P4859,A
P5045,A
P20638,A
P8996,A
P24018,A
P21592,A
P530,A
P10901,A
P9163,A
P9275,A
P22296,A
P24922,A
P24465,A
P466,A
P663,A
P26932,A
P12695,A
P28112,A
P24505,A
P15463,A
P9203,A
P16952,A
P14908,A
P15099,A
P24819,A
P2179,A
P21336,A
P20813,A
P10126,A
P8709,A
P22642,A
P25101,A
P29966,A
P28065,A
P28827,A
P27408,A
P10265,A
P17669,A
P21834,A
P28285,A
P7225,A
P17199,A
P3014,A
P1972,A
P2027,A
P28396,A
P10460,A
P2885,A
P27294,A
P12951,A
P18815,A
P22448,A
P28935,A
P17779,A
P3567,A
P27090,A
P22780,A
P23233,A
P384,A
P26648,A
P21847,A
P9449,A
P29846,A
P13182,A
P11746,A
P12484,A
P13510,A
P16086,A
P11150,A
P24702,A
P23438,A
P7646,A
P8648,A
P20543,A
P11216,A
P8246,A
P26382,A
P18390,A
P28113,A
P23251,A
P16551,A
P6476,A
P14802,A
P5311,A
P195,A
P17684,A
P7215,A
P15125,A
P24662,A
P24581,A
P27158,A
P14791,A
P28893,A
P15454,A
P5686,A
P1629,A
P27814,A
P22666,A
P17473,A
P2472,A
P29958,A
P24150,A
P281,A
P5755,A
P21057,A
P13782,A
P15396,A
P21652,A
P5934,A
P20867,A
P3478,A
P24339,A
P19531,A
P18484,A
P8954,A
P24796,A
P9451,A
P2188,A
P5271,A
P15724,A
P20089,A
P4404,A
P13139,A
P24492,A
P16233,A
P3814,A
P5790,A
P9202,A
P20124,A
P25118,A
P14841,A
P12524,A
P4674,A
P18517,A
P3930,A
P297,A
P16309,A
P27795,A
P22246,A
P17711,A
P7984,A
P2463,A
P5371,A
P20775,A
P2702,A
P11656,A
P25098,A
P7246,A
P11408,A
P15000,A
P1418,A
P6625,A
P19076,A
P11460,A
P14912,A
P23376,A
P19449,A
P15328,A
P232,A
P4005,A
P17993,A
P5874,A
P17402,A
P11930,A
P29531,A
P3474,A
P13933,A
P16752,A
P7515,A
P12375,A
P25312,A
P17401,A
P1060,A
P11010,A
P29591,A
P24176,A
P15129,A
P10196,A
P6921,A
P7960,A
P11136,A
P10390,A
P17767,A
P22281,A
P6332,A
P2178,A
P27037,A
P28294,A
P26219,A
P1242,A
P4899,A
P5108,A
P22195,A
P29780,A
P12797,A
P20267,A
P3654,A
P21983,A
P18188,A
P22530,A
P13837,A
P11044,A
P28990,A
P2737,A
P3532,A
P24973,A
P9637,A
P29380,A
P21297,A
P20929,A
P8409,A
P12645,A
P27912,A
P18784,A
P24898,A
P28431,A
P22626,A
P12877,A
P1338,A
P25233,A
P2392,A
P29552,A
P17081,A
P12997,A
P24142,A
P13884,A
P2793,A
P9729,A
P4451,A
P11042,A
P21774,A
P7939,A
P16226,A
P15519,A
P11468,A
P21476,A
P18359,A
P19032,A
P25842,A
P884,A
P17453,A
P26447,A
P4889,A
P11863,A
P12410,A
P16305,A
P1841,A
P23866,A
P6763,A
P18442,A
P19388,A
P23870,A
P22814,A
P7219,A
P27290,A
P12138,A
P13525,A
P19363,A
P24168,A
P24620,A
P24742,A
P15714,A
P14762,A
P589,A
P12616,A
P20246,A
P12829,A
P11,A
P13306,A
P4450,A
P27242,A
P22032,A
P2452,A
P24272,A
P14304,A
P19355,A
P2723,A
P25360,A
P10509,A
P4676,A
P6235,A
P25939,A
P24936,A
P20941,A
P23003,A
P8853,A
P2099,A
P23859,A
P13953,A
P21442,A
P15713,A
P10793,A
P9682,A
P26589,A
P6448,A
P20505,A
P15671,A
P22167,A
P29055,A
P10384,A
P20889,A
P3070,A
P11934,A
P20767,A
P1623,A
P20400,A
P22329,A
P3566,A
P2009,A
P25037,A
P21816,A
P16312,A
P6013,A
P7526,A
P21521,A
P4906,A
P7182,A
P21937,A
P4652,A
P25612,A
P859,A
P19479,A
P24612,A
P5490,A
P10406,A
P5919,A
P22477,A
P7525,A
P2186,A
P11002,A
P7496,A
P7200,A
P28103,A
P2994,A
P23582,A
P20120,A
P24929,A
P4152,A
P15295,A
P14242,A
P3477,A
P7913,A
P15361,A
P23363,A
P29263,A
P6909,A
P15290,A
P22096,A
P21417,A
P20512,A
P14863,A
P760,A
P214,A
P22452,A
P21720,A
P18827,A
P10938,A
P15387,A
P13945,A
P5471,A
P11920,A
P9364,A
P22733,A
P5048,A
P20563,A
P26761,A
P26445,A
P21922,A
P8844,A
P26293,A
P13976,A
P29760,A
P25712,A
P7574,A
P12801,A
P5447,A
P8858,A
P1438,A
P20843,A
P1197,A
P17756,A
P19290,A
P18817,A
P13290,A
P1267,A
P22600,A
P19250,A
P2068,A
P27815,A
P11742,A
P14004,A
P1492,A
P6309,A
P7090,A
P25450,A
P9752,A
P16679,A
P7865,A
P5859,A
P3415,A
P6930,A
P8617,A
P7950,A
P6902,A
P9341,A
P29415,A
P26979,A
P18216,A
P4729,A
P7403,A
P6762,A
P8370,A
P4127,A
P11618,A
P14705,A
P21341,A
P16275,A
P797,A
P27558,A
P13167,A
P21584,A
P17869,A
P24925,A
P6363,A
P10747,A
P26461,A
P6714,A
P21161,A
P9153,A
P14080,A
P22967,A
P12197,A
P12960,A
P21997,A
P2410,A
P5991,A
P13622,A
P16653,A
P29077,A
P22594,A
P15418,A
P10040,A
P14991,A
P18970,A
P11476,A
P26356,A
P14223,A
P14755,A
P27743,A
P6018,A
P947,A
P23281,A
P25128,A
P5000,A
P20381,A
P25609,A
P3546,A
P15416,A
P5208,A
P9604,A
P5861,A
P14383,A
P6083,A
P13430,A
P23046,A
P28803,A
P27672,A
P904,A
P29754,A
P13677,A
P11019,A
P3154,A
P20170,A
P10077,A
P19064,A
P17300,A
P22836,A
P23750,A
P1883,A
P6021,A
P16126,A
P19006,A
P18583,A
P3309,A
P18257,A
P23688,A
P22012,A
P19530,A
P1596,A
P10777,A
P8321,A
P29601,A
P2090,A
P25471,A
P11481,A
P20044,A
P27443,A
P20991,A
P13571,A
P26418,A
P15833,A
P21971,A
P19511,A
P11975,A
P10242,A
P19211,A
P27378,A
P9905,A
P22078,A
P23769,A
P23020,A
P2806,A
P19801,A
P29278,A
P851,A
P5579,A
P4911,A
P19805,A
P658,A
P15233,A
P28090,A
P6858,A
P1979,A
P7614,A
P6646,A
P18775,A
P1382,A
P6958,A
P28025,A
P3576,A
P7214,A
P5395,A
P20744,A
P1015,A
P10182,A
P16943,A
P8988,A
P22380,A
P13926,A
P9170,A
P13823,A
P14682,A
P20420,A
P25769,A
P6695,A
P14418,A
P16530,A
P15313,A
P13499,A
P14055,A
P18338,A
P799,A
P13623,A
P20495,A
P25927,A
P24782,A
P25386,A
P8904,A
P22090,A
P862,A
P26211,A
P16230,A
P12663,A
P14294,A
P11352,A
P28497,A
P3996,A
P5628,A
P29364,A
P21682,A
P8464,A
P17758,A
P21039,A
P16018,A
P6777,A
P20245,A
P17585,A
P28666,A
P26215,A
P4701,A
P5881,A
P17734,A
P5247,A
P11380,A
P26557,A
P16384,A
P10397,A
P17387,A
P21752,A
P16610,A
P9980,A
P20255,A
P7268,A
P4263,A
P23127,A
P11906,A
P15453,A
P19718,A
P24132,A
P1115,A
P24159,A
P11277,A
P19440,A
P15091,A
P4898,A
P28891,A
P8889,A
P12699,A
P17986,A
P20533,A
P25191,A
P7954,A
P10151,A
P3812,A
P10717,A
P8100,A
P20746,A
P18479,A
P5543,A
P8873,A
P6044,A
P19550,A
P25521,A
P1331,A
P11580,A
P24081,A
P10417,A
P18312,A
P11220,A
P552,A
P27704,A
P2140,A
P23136,A
P25826,A
P5539,A
P1490,A
P22017,A
P20520,A
P24466,A
P1715,A
P13595,A
P6231,A
P1787,A
P22183,A
P24673,A
P24647,A
P27350,A
P5807,A
P757,A
P11997,A
P4891,A
P19814,A
P20667,A
P14707,A
P8937,A
P2098,A
P5463,A
P18703,A
P18898,A
P1381,A
P23719,A
P14492,A
P8442,A
P11271,A
P29959,A
P23623,A
P27463,A
P1469,A
P20808,A
P17270,A
P15844,A
P14226,A
P20118,A
P1437,A
P26856,A
P25632,A
P6941,A
P490,A
P9182,A
P18753,A
P10373,A
P6688,A
P4369,A
P15116,A
P22069,A
P10096,A
P12385,A
P29354,A
P27240,A
P9066,A
P9784,A
P1894,A
P16131,A
P14545,A
P18719,A
P10649,A
P20155,A
P25870,A
P26522,A
P27342,A
P24917,A
P23950,A
P23407,A
P15180,A
P23678,A
P16703,A
P22963,A
P24530,A
P9802,A
P7198,A
P11627,A
P26151,A
P22111,A
P7484,A
P27081,A
P8435,A
P6406,A
P22870,A
P6378,A
P28188,A
P4638,A
P961,A
P2982,A
P29252,A
P13438,A
P8689,A
P18639,A
P1895,A
P3975,A
P22817,A
P5949,A
P5309,A
P11643,A
P11803,A
P11787,A
P22646,A
P20451,A
P25038,A
P5232,A
P15723,A
P12922,A
P16129,A
P21986,A
P9984,A
P6879,A
P8803,A
P228,A
P2674,A
P7035,A
P10986,A
P10429,A
P16834,A
P20620,A
P12600,A
P29476,A
P4253,A
P6360,A
P5553,A
P10981,A
P22636,A
P23134,A
P10369,A
P19326,A
P29835,A
P15731,A
P13237,A
P13066,A
P11697,A
P5562,A
P16442,A
P27624,A
P20074,A
P14119,A
P5560,A
P4116,A
P8539,A
P11621,A
P21898,A
P19533,A
P13985,A
P16727,A
P22396,A
P26249,A
P25302,A
P18564,A
P26162,A
P9470,A
P11797,A
P25876,A
P10723,A
P25952,A
P6607,A
P9150,A
P27884,A
P28406,A
P15251,A
P7283,A
P24859,A
P5082,A
P26780,A
P2636,A
P5860,A
P3931,A
P6734,A
P7766,A
P20762,A
P14180,A
P16365,A
P24770,A
P9846,A
P17948,A
P4718,A
P14932,A
P9874,A
P24137,A
P14144,A
P25637,A
P26719,A
P21895,A
P2479,A
P882,A
P19056,A
P9848,A
P29110,A
P3342,A
P5494,A
P3023,A
P21099,A
P2835,A
P19078,A
P29101,A
P6636,A
P22887,A
P10093,A
P13970,A
P1092,A
P20797,A
P12967,A
P2230,A
P13651,A
P20493,A
P19606,A
P14261,A
P9348,A
P3303,A
P7340,A
P10686,A
P16216,A
P16568,A
P14484,A
P10122,A
P24194,A
P13897,A
P9104,A
P6188,A
P5043,A
P21594,A
P21643,A
P15323,A
P26142,A
P22904,A
P28514,A
P20908,A
P23651,A
P26902,A
P22034,A
P1951,A
P3349,A
P265,A
P23687,A
P10893,A
P7655,A
P14640,A
P2142,A
P9034,A
P3982,A
P5407,A
P16971,A
P26304,A
P2023,A
P29104,A
P19324,A
P3452,A
P15578,A
P19527,A
P28115,A
P25265,A
P24595,A
P8324,A
P8953,A
P3944,A
P7456,A
P26961,A
P18218,A
P12626,A
P17309,A
P23285,A
P9517,A
P4458,A
P12711,A
P25398,A
P17639,A
P13165,A
P22659,A
P25692,A
P17241,A
P12149,A
P23790,A
P19937,A
P9142,A
P14181,A
P14715,A
P28654,A
P20879,A
P17921,A
P23612,A
P17359,A
P4855,A
P20788,A
P28056,A
P4122,A
P5844,A
P23060,A
P20765,A
P4523,A
P14405,A
P23197,A
P1235,A
P27860,A
P5079,A
P23310,A
P24315,A
P8627,A
P4586,A
P3170,A
P3692,A
P8527,A
P20104,A
P6183,A
P10105,A
P22434,A
P2402,A
P22463,A
P9307,A
P26724,A
P3467,A
P13488,A
P29064,A
P2525,A
P14725,A
P4140,A
P3027,A
P3244,A
P4435,A
P5997,A
P18762,A
P28528,A
P1255,A
P1856,A
P90,A
P11152,A
P4817,A
P7083,A
P9601,A
P14818,A
P28651,A
P12964,A
P18761,A
P23414,A
P21674,A
P24577,A
P12493,A
P28812,A
P10476,A
P11846,A
P28596,A
P2385,A
P3121,A
P7220,A
P754,A
P6472,A
P19594,A
P25421,A
P13855,A
P5648,A
P20643,A
P26764,A
P22596,A
P15778,A
P6108,A
P19782,A
P18790,A
P327,A
P25357,A
P6437,A
P15993,A
P24571,A
P10334,A
P16982,A
P11489,A
P7405,A
P532,A
P9020,A
P4173,A
P18156,A
P8813,A
P18240,A
P15712,A
P4580,A
P8159,A
P21282,A
P21979,A
P4010,A
P26355,A
P25635,A
P23135,A
P18267,A
P26530,A
P18034,A
P22170,A
P26535,A
P17295,A
P9113,A
P17681,A
P25831,A
P14539,A
P20208,A
P27480,A
P14637,A
P20094,A
P15696,A
P28777,A
P15539,A
P5469,A
P18490,A
P21885,A
P11217,A
P25891,A
P10708,A
P19322,A
P4544,A
P25656,A
P5626,A
P13859,A
P1125,A
P12579,A
P19952,A
P8290,A
P21166,A
P21090,A
P27323,A
P21168,A
P66,A
P6554,A
P13458,A
P25713,A
P5132,A
P13247,A
P9847,A
P16751,A
P26444,A
P26002,A
P11726,A
P18669,A
P6881,A
P8462,A
P8252,A
P25771,A
P26448,A
P26469,A
P26517,A
P13389,A
P6250,A
P15810,A
P9822,A
P24303,A
P25613,A
P26570,A
P18495,A
P28380,A
P29736,A
P20377,A
P7238,A
P10087,A
P9563,A
P26926,A
P25721,A
P24174,A
P14745,A
P10217,A
P12196,A
P24308,A
P17155,A
P13402,A
P9807,A
P13310,A
P1611,A
P27831,A
P22257,A
P7564,A
P20028,A
P2889,A
P11447,A
P1164,A
P59,A
P20347,A
P8134,A
P27970,A
P8253,A
P6115,A
P26256,A
P27836,A
P8575,A
P5374,A
P24871,A
P8263,A
P1012,A
P3714,A
P28751,A
P20539,A
P25388,A
P18381,A
P14483,A
P27848,A
P7973,A
P1725,A
P965,A
P14689,A
P11922,A
P6384,A
P23179,A
P12620,A
P34,A
P26879,A
P22923,A
P4295,A
P29652,A
P24877,A
P26903,A
P18514,A
P28034,A
P10113,A
P2589,A
P28951,A
P9328,A
P18119,A
P10720,A
P16804,A
P27689,A
P26886,A
P24249,A
P22128,A
P27307,A
P23042,A
P15192,A
P4420,A
P17053,A
P3251,A
P12238,A
P953,A
P24269,A
P15354,A
P25775,A
P8968,A
P26005,A
P25990,A
P11509,A
P8219,A
P23542,A
P20441,A
P18180,A
P15569,A
P25933,A
P28949,A
P6001,A
P10841,A
P22419,A
P13756,A
P25565,A
P18909,A
P3927,A
P19572,A
P21398,A
P25404,A
P23335,A
P15344,A
P28469,A
P21388,A
P12562,A
P12203,A
P5236,A
P15790,A
P18648,A
P27598,A
P20097,A
P13678,A
P1199,A
P21744,A
P16251,A
P3713,A
P91,A
P18575,A
P2780,A
P18812,A
P29140,A
P430,A
P20226,A
P11849,A
P4142,A
P23482,A
P21980,A
P14574,A
P1457,A
P28879,A
P22003,A
P16614,A
P13911,A
P12126,A
P8616,A
P26540,A
P12750,A
P17672,A
P28958,A
P4594,A
P5952,A
P8176,A
P5519,A
P8895,A
P22786,A
P13068,A
P28873,A
P13186,A
P2729,A
P13580,A
P27674,A
P216,A
P23706,A
P24509,A
P29461,A
P17364,A
P6394,A
P18425,A
P16159,A
P10664,A
P15715,A
P8976,A
P4247,A
P3066,A
P24687,A
P17031,A
P17541,A
P29464,A
P8918,A
P19956,A
P10007,A
P12467,A
P2399,A
P1545,A
P27357,A
P4589,A
P16142,A
P19302,A
P28343,A
P5359,A
P18779,A
P27864,A
P21189,A
P10253,A
P22304,A
P25737,A
P26058,A
P1348,A
P14772,A
P3089,A
P24971,A
P4268,A
P2001,A
P2574,A
P12795,A
P28708,A
P13894,A
P14236,A
P29880,A
P29138,A
P7572,A
P3367,A
P21504,A
P8683,A
P14208,A
P27062,A
P12176,A
P15835,A
P12046,A
P25157,A
P19309,A
P11610,A
P24980,A
P21304,A
P24372,A
P27225,A
P1628,A
P11201,A
P15303,A
P23481,A
P11700,A
P27997,A
P19096,A
P24481,A
P17630,A
P13136,A
P2765,A
P11872,A
P816,A
P8333,A
P23269,A
P4167,A
P26026,A
P6389,A
P588,A
P465,A
P27523,A
P28575,A
P5487,A
P26841,A
P16377,A
P8460,A
P29106,A
P3224,A
P10734,A
P23613,A
P14645,A
P25024,A
P23620,A
P7794,A
P9050,A
P11699,A
P27981,A
P24756,A
P5336,A
P27337,A
P28148,A
P3264,A
P7314,A
P25252,A
P19618,A
P18212,A
P23005,A
P9932,A
P1075,A
P13002,A
P20687,A
P27844,A
P29275,A
P10805,A
P11354,A
P22267,A
P23867,A
P12434,A
P2566,A
P5259,A
P5930,A
P11874,A
P8535,A
P13661,A
P11976,A
P12166,A
P24261,A
P24774,A
P4827,A
P28807,A
P28161,A
P12097,A
P9004,A
P14713,A
P29446,A
P23256,A
P13794,A
P16010,A
P17884,A
P21247,A
P10702,A
P22739,A
P227,A
P23299,A
P20027,A
P2225,A
P4896,A
P13271,A
P22306,A
P240,A
P28238,A
P20658,A
P28896,A
P8372,A
P18539,A
P1869,A
P11358,A
P21132,A
P15501,A
P21789,A
P19548,A
P3253,A
P26140,A
P3110,A
P14200,A
P2562,A
P16515,A
P28463,A
P6955,A
P657,A
P22998,A
P27138,A
P17589,A
P4111,A
P11551,A
P19590,A
P15989,A
P20662,A
P17994,A
P6785,A
P18891,A
P15646,A
P9906,A
P29740,A
P12984,A
P15571,A
P3191,A
P19481,A
P7948,A
P23341,A
P21529,A
P12337,A
P26887,A
P19318,A
P8887,A
P9897,A
P22752,A
P2431,A
P5456,A
P21157,A
P26066,A
P26052,A
P7736,A
P1922,A
P22743,A
P24090,A
P9632,A
P25481,A
P1347,A
P4401,A
P21853,A
P4020,A
P5225,A
P23217,A
P14612,A
P6970,A
P23730,A
P6925,A
P24958,A
P8308,A
P16484,A
P14321,A
P24160,A
P11281,A
P11778,A
P5341,A
P7339,A
P2044,A
P24044,A
P9941,A
P29943,A
P22237,A
P7448,A
P5147,A
P4879,A
P18681,A
P16831,A
P23051,A
P100,A
P7471,A
P15334,A
P16019,A
P28884,A
P5503,A
P19773,A
P22945,A
P343,A
P3633,A
P15865,A
P10919,A
P4795,A
P19958,A
P9357,A
P5382,A
P19994,A
P11365,A
P7175,A
P10405,A
P2971,A
P13992,A
P3793,A
P12002,A
P2786,A
P4465,A
P24887,A
P16616,A
P4601,A
P17219,A
P2249,A
P27667,A
P28155,A
P1830,A
P8095,A
P11339,A
P28697,A
P25126,A
P4036,A
P15897,A
P18708,A
P5319,A
P7887,A
P8489,A
P4001,A
P4861,A
P5585,A
P1198,A
P16266,A
P20404,A
P17582,A
P3202,A
P107,A
P5984,A
P21773,A
P20478,A
P9289,A
P14193,A
P5531,A
P12022,A
P1578,A
P19081,A
P15005,A
P10035,A
P17134,A
P5300,A
P18006,A
P10466,A
P13949,A
P14451,A
P3458,A
P18527,A
P16510,A
P29745,A
P1262,A
P3980,A
P19501,A
P4233,A
P7859,A
P19204,A
P19446,A
P22773,A
P26746,A
P2672,A
P11364,A
P28451,A
P11171,A
P26227,A
P9112,A
P7363,A
P19966,A
P1345,A
P22411,A
P414,A
P15045,A
P26944,A
P25517,A
P11074,A
P26050,A
P4743,A
P15934,A
P8560,A
P24181,A
P11384,A
P1879,A
P17916,A
P1971,A
P16697,A
P11406,A
P15831,A
P12208,A
P17419,A
P4921,A
P4812,A
P7469,A
P22113,A
P13732,A
P13145,A
P20850,A
P23670,A
P27692,A
P12923,A
P29420,A
P12676,A
P1373,A
P134,A
P15336,A
P9577,A
P615,A
P8840,A
P21907,A
P5080,A
P668,A
P25761,A
P19085,A
P22704,A
P21323,A
P21766,A
P11608,A
P27193,A
P8609,A
P120,A
P2632,A
P20659,A
P18440,A
P18379,A
P20156,A
P25427,A
P11345,A
P1029,A
P8660,A
P9641,A
P10904,A
P4920,A
P23879,A
P17310,A
P14899,A
P28962,A
P8639,A
P28283,A
P15963,A
P2727,A
P19101,A
P27735,A
P14429,A
P28314,A
P1275,A
P3357,A
P425,A
P25036,A
P17244,A
P19225,A
P2434,A
P11606,A
P14394,A
P5087,A
P5294,A
P28052,A
P7293,A
P4769,A
P21632,A
P18038,A
P18609,A
P11321,A
P4330,A
P10852,A
P24632,A
P21663,A
P6273,A
P19600,A
P2107,A
P6929,A
P1422,A
P3739,A
P4888,A
P22232,A
P20251,A
P26155,A
P28029,A
P24864,A
P12761,A
P28993,A
P26325,A
P1549,A
P28423,A
P5332,A
P27493,A
P8195,A
P28913,A
P14112,A
P21143,A
P29359,A
P3339,A
P10672,A
P7665,A
P28944,A
P2255,A
P14733,A
P25192,A
P26849,A
P21324,A
P10123,A
P12428,A
P24203,A
P1137,A
P25493,A
P2182,A
P12816,A
P8012,A
P6669,A
P19906,A
P24032,A
P29852,A
P12442,A
P20494,A
P9300,A
P16945,A
P10570,A
P10352,A
P18530,A
P16447,A
P12489,A
P14608,A
P9592,A
P29859,A
P18783,A
P22199,A
P29596,A
P21658,A
P21738,A
P18658,A
P16358,A
P15155,A
P3683,A
P8131,A
P6838,A
P28983,A
P27356,A
P8348,A
P18805,A
P17953,A
P8380,A
P24728,A
P16324,A
P2828,A
P4076,A
P9152,A
P24947,A
P17914,A
P29992,A
P270,A
P29779,A
P7036,A
P29365,A
P273,A
P27953,A
P11593,A
P28930,A
P6962,A
P1954,A
P22658,A
P319,A
P17894,A
P17886,A
P24950,A
P9274,A
P1497,A
P25348,A
P5702,A
P23712,A
P22888,A
P11637,A
P20274,A
P15983,A
P16605,A
P17775,A
P25711,A
P6381,A
P17289,A
P5768,A
P25781,A
P28632,A
P18928,A
P26637,A
P28139,A
P7697,A
P1419,A
P23645,A
P12395,A
P29303,A
P17825,A
P24587,A
P11237,A
P7792,A
P10017,A
P23261,A
P7247,A
P20721,A
P1439,A
P4003,A
P485,A
P3007,A
P3560,A
P28361,A
P9709,A
P124,A
P27440,A
P14108,A
P20258,A
P6528,A
P14727,A
P2263,A
P15293,A
P10042,A
P17136,A
P22879,A
P23451,A
P28520,A
P25290,A
P28988,A
P25648,A
P9037,A
P17670,A
P22940,A
P26210,A
P12665,A
P16478,A
P16967,A
P11510,A
P27019,A
P11204,A
P17965,A
P21008,A
P3555,A
P4112,A
P16617,A
P26948,A
P12873,A
P22367,A
P9040,A
P17411,A
P11734,A
P7111,A
P25881,A
P8181,A
P23129,A
P17321,A
P19770,A
P6580,A
P27123,A
P12182,A
P8737,A
P9502,A
P23343,A
P12582,A
P3874,A
P27921,A
P20408,A
P22748,A
P12980,A
P18,A
P13381,A
P17049,A
P12381,A
P22738,A
P1738,A
P23177,A
P5143,A
P26334,A
P23992,A
P14283,A
P16782,A
P17858,A
P16755,A
P21302,A
P10725,A
P27709,A
P1485,A
P18319,A
P18400,A
P12850,A
P9793,A
P16881,A
P15406,A
P18782,A
P10543,A
P24409,A
P27857,A
P23173,A
P24960,A
P5239,A
P16345,A
P8393,A
P5430,A
P18850,A
P29553,A
P9420,A
P28652,A
P17375,A
P14097,A
P15172,A
P20649,A
P13891,A
P25057,A
P18056,A
P12184,A
P21788,A
P5578,A
P2003,A
P19195,A
P4737,A
P20894,A
P19809,A
P14015,A
P6254,A
P9947,A
P15846,A
P16005,A
P14372,A
P19757,A
P23455,A
P17504,A
P23832,A
P3736,A
P13297,A
P25389,A
P24454,A
P23691,A
P26310,A
P15596,A
P21389,A
P11486,A
P19408,A
P5234,A
P3330,A
P11977,A
P20105,A
P23611,A
P19060,A
P8392,A
P5996,A
P6214,A
P12570,A
P22630,A
P829,A
P7955,A
P14299,A
P17890,A
P17044,A
P10733,A
P26342,A
P18433,A
P10400,A
P12882,A
P28647,A
P4191,A
P7551,A
P15631,A
P1116,A
P17810,A
P16781,A
P29574,A
P22301,A
P9039,A
P27609,A
P8066,A
P5020,A
P3915,A
P12461,A
P13828,A
P16075,A
P14910,A
P15153,A
P10303,A
P5328,A
P9280,A
P14063,A
P27702,A
P15386,A
P6313,A
P19660,A
P945,A
P5380,A
P13780,A
P25275,A
P3277,A
P4441,A
P26177,A
P12822,A
P21919,A
P20994,A
P14673,A
P11539,A
P10900,A
P6398,A
P26198,A
P13046,A
P6100,A
P23877,A
P27611,A
P26707,A
P20098,A
P11061,A
P27677,A
P4394,A
P344,A
P6972,A
P23514,A
P18975,A
P7243,A
P22099,A
P24350,A
P10311,A
P27086,A
P23564,A
P28819,A
P4954,A
P22247,A
P25751,A
P8411,A
P504,A
P23991,A
P24427,A
P4993,A
P17100,A
P29460,A
P20491,A
P22695,A
P23969,A
P13538,A
P16043,A
P2427,A
P11899,A
P8211,A
P8015,A
P21077,A
P9248,A
P26559,A
P27073,A
P11458,A
P16489,A
P7831,A
P24746,A
P19186,A
P16406,A
P16033,A
P20848,A
P25100,A
P22641,A
P26453,A
P16195,A
P21346,A
P20294,A
P11290,A
P14965,A
P17911,A
P8704,A
P8779,A
P22654,A
P2861,A
P14083,A
P2669,A
P4373,A
P2293,A
P2967,A
P29061,A
P8946,A
P29993,A
P25129,A
P22282,A
P6383,A
P16419,A
P18521,A
P20016,A
P29438,A
P13107,A
P9148,A
P13178,A
P19269,A
P7645,A
P11117,A
P4996,A
P2213,A
P729,A
P8480,A
P6611,A
P2063,A
P19776,A
P5113,A
P18597,A
P14610,A
P13527,A
P29918,A
P15482,A
P11780,A
P28234,A
P5586,A
P7334,A
P11774,A
P18879,A
P23419,A
P25729,A
P12019,A
P27072,A
P25152,A
P22202,A
P21610,A
P3637,A
P20750,A
P23183,A
P15861,A
P3271,A
P12700,A
P24875,A
P10145,A
P8526,A
P11393,A
P18589,A
P4537,A
P26038,A
P13861,A
P19503,A
P17879,A
P23626,A
P14692,A
P9411,A
P17176,A
P8540,A
P2380,A
P24389,A
P13077,A
P24313,A
P1318,A
P6000,A
P16124,A
P22727,A
P23989,A
P27374,A
P19273,A
P2346,A
P11492,A
P19142,A
P8362,A
P1626,A
P181,A
P20671,A
P9480,A
P4445,A
P25824,A
P27039,A
P609,A
P27464,A
P16456,A
P29183,A
P22574,A
P7805,A
P29843,A
P10561,A
P10081,A
P26797,A
P17265,A
P1805,A
P26777,A
P25988,A
P20288,A
P8416,A
P29023,A
P27876,A
P17164,A
P22502,A
P24719,A
P15932,A
P20235,A
P22545,A
P27303,A
P29244,A
P5233,A
P2789,A
P24709,A
P25409,A
P13160,A
P21072,A
P21178,A
P26846,A
P28009,A
P20689,A
P21662,A
P19643,A
P22566,A
P15518,A
P15057,A
P24348,A
P10345,A
P26519,A
P12831,A
P13652,A
P4645,A
P19012,A
P3918,A
P7201,A
P3617,A
P17981,A
P15773,A
P25022,A
P4998,A
P7380,A
P1090,A
P20115,A
P18771,A
P6819,A
P25356,A
P8476,A
P13973,A
P14384,A
P24787,A
P19991,A
P28160,A
P14425,A
P10402,A
P16316,A
P24260,A
P18297,A
P17637,A
P3045,A
P22805,A
P2655,A
P28583,A
P11862,A
P24853,A
P3298,A
P10866,A
P21395,A
P16102,A
P6047,A
P22603,A
P7506,A
P1160,A
P24498,A
P23302,A
P26742,A
P18978,A
P11704,A
P17158,A
P21464,A
P21820,A
P20926,A
P22446,A
P18460,A
P14807,A
P25545,A
P20774,A
P22758,A
P28455,A
P21641,A
P5245,A
P18833,A
P7056,A
P9018,A
P14949,A
P1915,A
P19134,A
P10275,A
P24106,A
P27134,A
P20370,A
P2160,A
P6849,A
P14627,A
P5850,A
P1207,A
P22788,A
P12285,A
P17449,A
P2706,A
P1656,A
P5188,A
P12937,A
P22138,A
P16619,A
P8772,A
P12071,A
P3989,A
P13174,A
P1989,A
P28608,A
P1986,A
P27843,A
P10857,A
P11735,A
P9695,A
P11912,A
P23548,A
P18544,A
P20326,A
P25082,A
P13788,A
P13474,A
P22125,A
P16069,A
P15114,A
P10569,A
P25644,A
P29238,A
P8534,A
P12345,A
P19286,A
P21415,A
P4422,A
P7500,A
P13080,A
P2359,A
P17334,A
P3984,A
P13696,A
P23422,A
P6416,A
P26487,A
P23644,A
P8024,A
P2760,A
P17,A
P15095,A
P1209,A
P24688,A
P7940,A
P10149,A
P28719,A
P23238,A
P28036,A
P28408,A
P3176,A
P16532,A
P9638,A
P3379,A
P23534,A
P9498,A
P23393,A
P10285,A
P28926,A
P27267,A
P21347,A
P9418,A
P13599,A
P6259,A
P18315,A
P22941,A
P28069,A
P27956,A
P2619,A
P1597,A
P1168,A
P16425,A
P16047,A
P9670,A
P27804,A
P7888,A
P23830,A
P22811,A
P13754,A
P20546,A
P3192,A
P19305,A
P26857,A
P1216,A
P15255,A
P9645,A
P10589,A
P25375,A
P24188,A
P5715,A
P7470,A
P28860,A
P5122,A
P3316,A
P3058,A
P14544,A
P15801,A
P7165,A
P24851,A
P6213,A
P11570,A
P10031,A
P20594,A
P11465,A
P11403,A
P8221,A
P1998,A
P12429,A
P1227,A
P4930,A
P24317,A
P20289,A
P22885,A
P18701,A
P20307,A
P26282,A
P7101,A
P22609,A
P957,A
P25304,A
P5521,A
P16788,A
P25701,A
P20815,A
P18997,A
P8415,A
P2312,A
P12678,A
P15999,A
P2875,A
P13941,A
P24320,A
P29218,A
P28291,A
P25176,A
P5797,A
P1847,A
P1284,A
P1769,A
P21491,A
P8366,A
P14179,A
P18057,A
P2094,A
P19277,A
P29510,A
P28321,A
P11161,A
P11071,A
P22610,A
P28453,A
P29953,A
P28241,A
P10183,A
P25,A
P3049,A
P357,A
P14084,A
P15278,A
P4606,A
P11781,A
P9756,A
P25322,A
P28581,A
P1659,A
P203,A
P20834,A
P23609,A
P18149,A
P18054,A
P10043,A
P10741,A
P12222,A
P7191,A
P11361,A
P13264,A
P23480,A
P6240,A
P8781,A
P23856,A
P15081,A
P5947,A
P7075,A
P16103,A
P28572,A
P1534,A
P22143,A
P28890,A
P1359,A
P23316,A
P25837,A
P11400,A
P6299,A
P579,A
P13836,A
P27117,A
P13257,A
P24949,A
P1615,A
P1761,A
P22890,A
P29388,A
P24945,A
P10060,A
P14579,A
P16188,A
P25991,A
P23052,A
P22516,A
P16672,A
P18298,A
P27456,A
P3882,A
P17360,A
P18621,A
P25728,A
P12893,A
P24520,A
P996,A
P10973,A
P29917,A
P8949,A
P29799,A
P19407,A
P11001,A
P27651,A
P9571,A
P12646,A
P5446,A
P19807,A
P9558,A
P24956,A
P14933,A
P9733,A
P16405,A
P26225,A
P14648,A
P11823,A
P3831,A
P24713,A
P29153,A
P9576,A
P15052,A
P12512,A
P16481,A
P16242,A
P18061,A
P12592,A
P10722,A
P20931,A
P21637,A
P18308,A
P19625,A
P11943,A
P17037,A
P6156,A
P22222,A
P23771,A
P24515,A
P24341,A
P22551,A
P9026,A
P23214,A
P4851,A
P3693,A
P4376,A
P22118,A
P12827,A
P21969,A
P25156,A
P17434,A
P3358,A
P20511,A
P3389,A
P14708,A
P2936,A
P14252,A
P15038,A
P11563,A
P25968,A
P27668,A
P20474,A
P1777,A
P7823,A
P19237,A
P6474,A
P20265,A
P5682,A
P12283,A
P26242,A
P28605,A
P25422,A
P9122,A
P10868,A
P28859,A
P16724,A
P6668,A
P5639,A
P11890,A
P18596,A
P8969,A
P19389,A
P2371,A
P14904,A
P17215,A
P29308,A
P11701,A
P14280,A
P13545,A
P3145,A
P27929,A
P5925,A
P14419,A
P8162,A
P25817,A
P19982,A
P21031,A
P15181,A
P9463,A
P18933,A
P19293,A
P3151,A
P4364,A
P4130,A
P1740,A
P4721,A
P14732,A
P20607,A
P22982,A
P23338,A
P19424,A
P21152,A
P16328,A
P15695,A
P13008,A
P2859,A
P12241,A
P5037,A
P15902,A
P24041,A
P7617,A
P1974,A
P11675,A
P20853,A
P22650,A
P5915,A
P24727,A
P18443,A
P7104,A
P3099,A
P15875,A
P16880,A
P19127,A
P11558,A
P27899,A
P3809,A
P26238,A
P7424,A
P8284,A
P18894,A
P2696,A
P17895,A
P22562,A
P7833,A
P13198,A
P1533,A
P2563,A
P8812,A
P17686,A
P4484,A
P15240,A
P9857,A
P7856,A
P2845,A
P12294,A
P8285,A
P17072,A
P18214,A
P7463,A
P6733,A
P15263,A
P10799,A
P27813,A
P13477,A
P1476,A
P1567,A
P24854,A
P3274,A
P25008,A
P6581,A
P23826,A
P1556,A
P10016,A
P23981,A
P21841,A
P9353,A
P28397,A
P23283,A
P23773,A
P25023,A
P10351,A
P24337,A
P28553,A
P19699,A
P8817,A
P28481,A
P10693,A
P17535,A
P24909,A
P3605,A
P28372,A
P14188,A
P9096,A
P17951,A
P7912,A
P18182,A
P9769,A
P15580,A
P6864,A
P2120,A
P14895,A
P13764,A
P15819,A
P29192,A
P17462,A
P15533,A
P29860,A
P14859,A
P3616,A
P7936,A
P12235,A
P21554,A
P19972,A
P21460,A
P8276,A
P28062,A
P24882,A
P28331,A
P8014,A
P6146,A
P548,A
P3757,A
P19475,A
P14787,A
P6639,A
P806,A
P28783,A
P1836,A
P15320,A
P24425,A
P16754,A
P22970,A
P2839,A
P26740,A
P21830,A
P4049,A
P15414,A
P6194,A
P14580,A
P15147,A
P12115,A
P24334,A
P14866,A
P937,A
P26394,A
P17908,A
P29821,A
P16812,A
P771,A
P24474,A
P14431,A
P17690,A
P21240,A
P16096,A
P875,A
P18688,A
P29422,A
P6477,A
P8500,A
P4463,A
P29437,A
P12323,A
P23938,A
P25131,A
P28779,A
P15917,A
P1507,A
P22622,A
P28664,A
P14635,A
P12765,A
P19873,A
P15722,A
P12833,A
P27038,A
P11796,A
P14731,A
P24205,A
P9497,A
P5410,A
P17619,A
P29515,A
P28400,A
P5594,A
P11020,A
P18523,A
P9431,A
P9482,A
P18676,A
P1730,A
P21619,A
P6697,A
P29201,A
P29671,A
P18462,A
P22294,A
P17225,A
P7797,A
P814,A
P15799,A
P27737,A
P24710,A
P2537,A
P22298,A
P19916,A
P17389,A
P20048,A
P3493,A
P29119,A
P2318,A
P20731,A
P24972,A
P27238,A
P6851,A
P28465,A
P25049,A
P8501,A
P24145,A
P19707,A
P8244,A
P9990,A
P21784,A
P5681,A
P25165,A
P7452,A
P27748,A
P3878,A
P3602,A
P20254,A
P15074,A
P19053,A
P4121,A
P22348,A
P26569,A
P7871,A
P8878,A
P27131,A
P16271,A
P6300,A
P12734,A
P21149,A
P7735,A
P6907,A
P13354,A
P24780,A
P18611,A
P16963,A
P25552,A
P23009,A
P15524,A
P836,A
P8391,A
P10227,A
P19281,A
P15309,A
P12416,A
P24424,A
P10121,A
P18326,A
P5031,A
P4835,A
P14148,A
P724,A
P8809,A
P28885,A
P6897,A
P1122,A
P11698,A
P9530,A
P13866,A
P27653,A
P1846,A
P12300,A
P28544,A
P21668,A
P14972,A
P1096,A
P21928,A
P24866,A
P6274,A
P16234,A
P20548,A
P22134,A
P19095,A
P9288,A
P9416,A
P17675,A
P2836,A
P15786,A
P5051,A
P19909,A
P23614,A
P12477,A
P28584,A
P15040,A
P29156,A
P19811,A
P16991,A
P3217,A
P19450,A
P17172,A
P15803,A
P7381,A
P11935,A
P16658,A
P3746,A
P5597,A
P6809,A
P26484,A
P28334,A
P13799,A
P20644,A
P16692,A
P2764,A
P3890,A
P26478,A
P3272,A
P18239,A
P9871,A
P5054,A
P28358,A
P44,A
P18348,A
P4689,A
P25307,A
P29857,A
P3230,A
P27975,A
P4720,A
P12479,A
P20345,A
P5329,A
P4423,A
P12545,A
P178,A
P28104,A
P22439,A
P28676,A
P1885,A
P14937,A
P11038,A
P25522,A
P6577,A
P22813,A
P12623,A
P3093,A
P10745,A
P24235,A
P21550,A
P19552,A
P24080,A
P7634,A
P21565,A
P2613,A
P10000,A
P2261,A
P17970,A
P15553,A
P17246,A
P22119,A
P24516,A
P3017,A
P29586,A
P12269,A
P28534,A
P22831,A
P3498,A
P19829,A
P15117,A
P25783,A
P7040,A
P1547,A
P26757,A
P25139,A
P11687,A
P9588,A
P9639,A
P3584,A
P23325,A
P14970,A
P13220,A
P13162,A
P5637,A
P17546,A
P2616,A
P28753,A
P28808,A
P19487,A
P25458,A
P3162,A
P1774,A
P20964,A
P29234,A
P29541,A
P9664,A
P17901,A
P27288,A
P16046,A
P11524,A
P7305,A
P24537,A
P4702,A
P17790,A
P23554,A
P12100,A
P18321,A
P16077,A
P2649,A
P13114,A
P6361,A
P6524,A
P10953,A
P26639,A
P9676,A
P27176,A
P18757,A
P29705,A
P25814,A
P18590,A
P26695,A
P28946,A
P29273,A
P4648,A
P1669,A
P13982,A
P26378,A
P19159,A
P13462,A
P2748,A
P12440,A
P26612,A
P8962,A
P28748,A
P12152,A
P7611,A
P23571,A
P28767,A
P26381,A
P9232,A
P23490,A
P6952,A
P19580,A
P28413,A
P29571,A
P23841,A
P18617,A
P17486,A
P9106,A
P12938,A
P7519,A
P19312,A
P5393,A
P23784,A
P23057,A
P4926,A
P12578,A
P20095,A
P21861,A
P27449,A
P20430,A
P1610,A
P16008,A
P15590,A
P5024,A
P24678,A
P22584,A
P18742,A
P25248,A
P21623,A
P7158,A
P17138,A
P19789,A
P19595,A
P15049,A
P24430,A
P8094,A
P28585,A
P598,A
P681,A
P25722,A
P11690,A
P16070,A
P13789,A
P16959,A
P12529,A
P15041,A
P25829,A
P280,A
P25647,A
P13370,A
P22140,A
P10470,A
P13228,A
P6357,A
P4485,A
P29785,A
P25630,A
P6869,A
P2024,A
P20669,A
P28437,A
P144,A
P8710,A
P13261,A
P196,A
P19381,A
P22869,A
P17263,A
P24442,A
P18647,A
P14265,A
P28016,A
P7945,A
P6914,A
P16355,A
P5896,A
P16538,A
P11450,A
P8430,A
P28845,A
P21886,A
P2510,A
P12747,A
P16407,A
P404,A
P14087,A
P22350,A
P7444,A
P23502,A
P1536,A
P9058,A
P17551,A
P27370,A
P23066,A
P13250,A
P1413,A
P23112,A
P3139,A
P20000,A
P19830,A
P969,A
P23101,A
P21921,A
P5795,A
P4071,A
P20343,A
P24302,A
P20162,A
P16748,A
P19668,A
P19359,A
P17580,A
P22520,A
P3806,A
P675,A
P5942,A
P24197,A
P28663,A
P9081,A
P28253,A
P4221,A
P28531,A
P13158,A
P20871,A
P14032,A
P4211,A
P25694,A
P3384,A
P13594,A
P133,A
P12820,A
P6266,A
P6164,A
P16178,A
P11633,A
P1453,A
P5263,A
P24171,A
P5192,A
P23241,A
P3351,A
P29220,A
P28843,A
P25417,A
P27004,A
P1430,A
P9528,A
P21156,A
P7301,A
P20176,A
P5287,A
P29924,A
P31,A
P24692,A
P27576,A
P7722,A
P7209,A
P27988,A
P12514,A
P28274,A
P6523,A
P2204,A
P16636,A
P17715,A
P20806,A
P9347,A
P25293,A
P9387,A
P19432,A
P20222,A
P28134,A
P12094,A
P24186,A
P26727,A
P19157,A
P21972,A
P246,A
P13092,A
P20690,A
P2904,A
P8351,A
P20827,A
P29521,A
P9564,A
P16878,A
P2834,A
P28131,A
P20937,A
P12883,A
P7093,A
P29449,A
P11362,A
P27655,A
P24323,A
P12932,A
P28580,A
P12896,A
P20149,A
P22326,A
P1247,A
P29612,A
P15283,A
P1679,A
P21153,A
P22673,A
P11265,A
P20129,A
P21146,A
P29497,A
P10056,A
P14800,A
P15275,A
P8706,A
P14166,A
P29856,A
P13765,A
P1420,A
P24771,A
P21708,A
P8397,A
P6986,A
P15350,A
P19136,A
P20201,A
P11847,A
P4406,A
P18756,A
P19338,A
P8364,A
P25849,A
P16035,A
P12845,A
P2965,A
P4561,A
P21686,A
P8886,A
P7330,A
P12948,A
P14874,A
P22457,A
P29871,A
P7635,A
P20315,A
P10187,A
P4270,A
P16940,A
P13815,A
P7159,A
P10202,A
P2538,A
P9281,A
P13033,A
P15431,A
P23428,A
P26676,A
P29444,A
P1791,A
P13215,A
P15678,A
P3040,A
P12515,A
P5815,A
P10071,A
P19444,A
P26583,A
P2536,A
P8473,A
P13858,A
P28734,A
P6937,A
P17699,A
P12036,A
P645,A
P14602,A
P6284,A
P16522,A
P165,A
P11264,A
P5106,A
P2039,A
P15882,A
P17485,A
P11825,A
P18902,A
P14631,A
P3951,A
P6764,A
P24977,A
P7518,A
P24403,A
P18845,A
P19518,A
P20636,A
P9620,A
P4201,A
P5165,A
P23516,A
P28820,A
P6005,A
P136,A
P29944,A
P12580,A
P4690,A
P1541,A
P14021,A
P19677,A
P27549,A
P888,A
P15094,A
P23530,A
P5839,A
P7582,A
P20388,A
P25350,A
P10165,A
P10715,A
P21777,A
P19831,A
P18187,A
P21819,A
P1042,A
P11945,A
P10489,A
P26845,A
P23871,A
P21705,A
P5415,A
P1281,A
P2038,A
P27459,A
P988,A
P26702,A
P19712,A
P27557,A
P29313,A
P14656,A
P10350,A
P21419,A
P8537,A
P6992,A
P6505,A
P7988,A
P1455,A
P29219,A
P19867,A
P28816,A
P25103,A
P13189,A
P19505,A
P7202,A
P27457,A
P6418,A
P19336,A
P6904,A
P7531,A
P19742,A
P22040,A
P11231,A
P22717,A
P5985,A
P2558,A
P4664,A
P27824,A
P12766,A
P6584,A
P22606,A
P8135,A
P29368,A
P1378,A
P25628,A
P17812,A
P4115,A
P8198,A
P7808,A
P21999,A
P21396,A
P19169,A
P4883,A
P27469,A
P29109,A
P7968,A
P16790,A
P24957,A
P15947,A
P756,A
P21517,A
P14013,A
P28207,A
P27047,A
P13971,A
P22187,A
P1477,A
P24597,A
P349,A
P20392,A
P8098,A
P24798,A
P15800,A
P11118,A
P3696,A
P26651,A
P28086,A
P6492,A
P11869,A
P337,A
P29802,A
P18358,A
P2050,A
P16311,A
P8215,A
P18496,A
P18352,A
P5367,A
P12791,A
P17787,A
P20651,A
P29940,A
P29870,A
P8972,A
P11616,A
P21058,A
P22715,A
P16502,A
P24729,A
P13806,A
P3534,A
P22825,A
P28195,A
P1690,A
P5965,A
P16720,A
P318,A
P23425,A
P28504,A
P15394,A
P1244,A
P2972,A
P28915,A
P16287,A
P9870,A
P27911,A
P4984,A
P26302,A
P12099,A
P14387,A
P20008,A
P11451,A
P14215,A
P5948,A
P16886,A
P19743,A
P5757,A
P26734,A
P26274,A
P28832,A
P12039,A
P21125,A
P9845,A
P13374,A
P5408,A
P2778,A
P6994,A
P12895,A
P16857,A
P11350,A
P20727,A
P5160,A
P5090,A
P19233,A
P29485,A
P7365,A
P3720,A
P7029,A
P4025,A
P11013,A
P20130,A
P15893,A
P2164,A
P10027,A
P24983,A
P21018,A
P4419,A
P28877,A
P21951,A
P17159,A
P22313,A
P23760,A
P23659,A
P12849,A
P2597,A
P27803,A
P29609,A
P29922,A
P11126,A
P15232,A
P7882,A
P24775,A
P21357,A
P2194,A
P12565,A
P21334,A
P10611,A
P7409,A
P20865,A
P26121,A
P11066,A
P12136,A
P21298,A
P23306,A
P10160,A
P14230,A
P28349,A
P27055,A
P9743,A
P22302,A
P20410,A
P3691,A
P15903,A
P3785,A
P20151,A
P27918,A
P16562,A
P14406,A
P28842,A
P10872,A
P27608,A
P11559,A
P8466,A
P16023,A
P11119,A
P18946,A
P6366,A
P18131,A
P12610,A
P28852,A
P8861,A
P720,A
P5853,A
P16205,A
P14093,A
P23015,A
P1245,A
P8213,A
P29707,A
P10276,A
P6521,A
P17801,A
P22497,A
P19813,A
P7877,A
P2639,A
P8085,A
P4317,A
P27084,A
P28658,A
P26705,A
P27252,A
P26558,A
P3524,A
P9753,A
P22946,A
P22510,A
P6725,A
P20629,A
P25153,A
P29050,A
P58,A
P26135,A
P27265,A
P21562,A
P19176,A
P25309,A
P18560,A
P23291,A
P8113,A
P18727,A
P718,A
P23327,A
P23032,A
P17618,A
P25122,A
P1984,A
P18984,A
P12767,A
P3816,A
P6816,A
P8205,A
P1257,A
P14029,A
P11809,A
P18030,A
P18763,A
P22417,A
P15622,A
P23630,A
P419,A
P11979,A
P10375,A
P10294,A
P5993,A
P19921,A
P26728,A
P3263,A
P3630,A
P18053,A
P12591,A
P28212,A
P24556,A
P2832,A
P4744,A
P21100,A
P12528,A
P28354,A
P14564,A
P22503,A
P7112,A
P29326,A
P11187,A
P23595,A
P29267,A
P29404,A
P15915,A
P11966,A
P1696,A
P4904,A
P14962,A
P4032,A
P20605,A
P9931,A
P9765,A
P3044,A
P12531,A
P7413,A
P24151,A
P12491,A
P28054,A
P23321,A
P24060,A
P15812,A
P8353,A
P20992,A
P14127,A
P14652,A
P310,A
P4708,A
P11385,A
P9453,A
P8879,A
P5856,A
P15635,A
P27995,A
P3873,A
P15726,A
P18110,A
P6801,A
P24828,A
P29027,A
P8833,A
P27272,A
P7352,A
P5522,A
P19981,A
P20883,A
P26300,A
P22849,A
P9025,A
P15940,A
P25820,A
P1821,A
P26840,A
P8144,A
P14457,A
P9536,A
P1968,A
P6246,A
P27525,A
P16526,A
P18058,A
P2388,A
P12418,A
P5695,A
P11471,A
P15535,A
P8086,A
P20777,A
P17816,A
P27996,A
P4941,A
P11931,A
P8865,A
P15027,A
P19343,A
P3173,A
P18377,A
P18726,A
P12698,A
P13795,A
P2354,A
P24262,A
P19409,A
P9399,A
P17581,A
P3234,A
P2624,A
P14104,A
P20870,A
P18965,A
P10363,A
P25747,A
P26094,A
P8751,A
P16180,A
P8283,A
P22640,A
P25123,A
P27309,A
P21702,A
P24345,A
P28325,A
P25719,A
P14244,A
P27208,A
P3473,A
P9012,A
P5292,A
P853,A
P7465,A
P20540,A
P3538,A
P5229,A
P13737,A
P22190,A
P24291,A
P25223,A
P655,A
P28101,A
P25823,A
P17280,A
P9266,A
P18916,A
P5523,A
P7999,A
P11927,A
P10851,A
P21867,A
P2134,A
P23033,A
P23892,A
P12972,A
P6003,A
P13218,A
P5136,A
P3402,A
P22286,A
P10317,A
P9151,A
P25544,A
P13248,A
P17312,A
P7377,A
P13974,A
P21101,A
P22980,A
P5854,A
P4241,A
P13744,A
P7944,A
P24419,A
P22479,A
P28245,A
P22638,A
P20174,A
P2439,A
P21176,A
P3407,A
P11172,A
P28315,A
P6095,A
P29241,A
P4931,A
P6195,A
P3641,A
P25649,A
P22754,A
P20509,A
P664,A
P537,A
P11388,A
P10535,A
P19196,A
P22587,A
P22200,A
P14514,A
P18007,A
P12144,A
P29625,A
P29976,A
P1620,A
P18199,A
P8451,A
P25217,A
P22216,A
P11199,A
P1681,A
P863,A
P28529,A
P5436,A
P11651,A
P19226,A
P7815,A
P1201,A
P9546,A
P27789,A
P2436,A
P24413,A
P5501,A
P11566,A
P29638,A
P3136,A
P13665,A
P11490,A
P26098,A
P22891,A
P14152,A
P16651,A
P20099,A
P16270,A
P20818,A
P27786,A
P24735,A
P28606,A
P24246,A
P12486,A
P28114,A
P7626,A
P20955,A
P11684,A
P29885,A
P12867,A
P23503,A
P18938,A
P5780,A
P28687,A
P15852,A
P22049,A
P6999,A
P16281,A
P12821,A
P5679,A
P7781,A
P29772,A
P21105,A
P17537,A
P14562,A
P12437,A
P12955,A
P29253,A
P14275,A
P8786,A
P1758,A
P25470,A
P3018,A
P1107,A
P32,A
P18674,A
P5762,A
P4973,A
P60,A
P294,A
P22180,A
P2877,A
P19437,A
P28211,A
P29117,A
P6080,A
P17764,A
P10116,A
P14756,A
P28979,A
P20193,A
P1461,A
P24914,A
P28954,A
P20039,A
P15083,A
P24529,A
P25580,A
P14742,A
P2375,A
P8482,A
P12789,A
P7883,A
P21266,A
P16784,A
P9042,A
P6350,A
P24985,A
P28491,A
P11415,A
P6791,A
P24377,A
P5215,A
P27630,A
P24039,A
P19099,A
P13805,A
P19794,A
P13353,A
P15550,A
P20380,A
P4077,A
P15517,A
P27633,A
P17355,A
P11875,A
P25970,A
P5034,A
P16351,A
P7096,A
P7517,A
P13519,A
P22784,A
P27530,A
P14412,A
P1349,A
P4969,A
P11649,A
P17029,A
P27643,A
P10706,A
P10526,A
P7621,A
P20907,A
P23676,A
P24447,A
P7693,A
P12081,A
P8756,A
P22725,A
P141,A
P24170,A
P3394,A
P17979,A
P7711,A
P14625,A
P20745,A
P9843,A
P20913,A
P29739,A
P3881,A
P4640,A
P3540,A
P3865,A
P21836,A
P13642,A
P26483,A
P3849,A
P302,A
P11517,A
P26739,A
P20312,A
P5816,A
P14437,A
P29575,A
P1483,A
P9332,A
P19483,A
P21715,A
P22824,A
P5746,A
P16725,A
P27659,A
P22435,A
P12308,A
P1927,A
P11483,A
P20202,A
P26228,A
P10274,A
P4615,A
P12015,A
P13195,A
P5941,A
P19018,A
P5153,A
P731,A
P11464,A
P13449,A
P24608,A
P12644,A
P5787,A
P10072,A
P28072,A
P27419,A
P22258,A
P4154,A
P8331,A
P10896,A
P9097,A
P5125,A
P6216,A
P13565,A
P27223,A
P10560,A
P9444,A
P29350,A
P1708,A
P3760,A
P4867,A
P10878,A
P2159,A
P6703,A
P25854,A
P23798,A
P23513,A
P7364,A
P29330,A
P2048,A
P15969,A
P26362,A
P11240,A
P2492,A
P3301,A
P21118,A
P10514,A
P11818,A
P22592,A
P5653,A
P28918,A
P9940,A
P18522,A
P29015,A
P10703,A
P24259,A
P23240,A
P3715,A
P1806,A
P15274,A
P18231,A
P7256,A
P21281,A
P15647,A
P13742,A
P14361,A
P19459,A
P1053,A
P23181,A
P13772,A
P19882,A
P13785,A
P22182,A
P9454,A
P2464,A
P26237,A
P18848,A
P15558,A
P27967,A
P6576,A
P16342,A
P5716,A
P25652,A
P2198,A
P3405,A
P9243,A
P23000,A
P8884,A
P13819,A
P27933,A
P22179,A
P17693,A
P18969,A
P5391,A
P13691,A
P19951,A
P20121,A
P3006,A
P13915,A
P27467,A
P12202,A
P5040,A
P21382,A
P18169,A
P24189,A
P7379,A
P831,A
P4957,A
P4059,A
P5829,A
P21197,A
P2192,A
P19583,A
P24750,A
P1279,A
P6078,A
P3788,A
P12814,A
P28006,A
P21996,A
P27403,A
P5406,A
P19144,A
P13956,A
P4667,A
P220,A
P17493,A
P4134,A
P18814,A
P16555,A
P18292,A
P24606,A
P29144,A
P13453,A
P7907,A
P26068,A
P5422,A
P9174,A
P22207,A
P29511,A
P25645,A
P22344,A
P4321,A
P26100,A
P27368,A
P8484,A
P24117,A
P8595,A
P12505,A
P5279,A
P5102,A
P5632,A
P2921,A
P24459,A
P9133,A
P17685,A
P26156,A
P2907,A
P15006,A
P25793,A
P24157,A
P9911,A
P3281,A
P10582,A
P21918,A
P5692,A
P12424,A
P7341,A
P2031,A
P7607,A
P26677,A
P1790,A
P24394,A
P29622,A
P23908,A
P19764,A
P16534,A
P1868,A
P9205,A
P4027,A
P15946,A
P7980,A
P29433,A
P6739,A
P19190,A
P18049,A
P27784,A
P7924,A
P29036,A
P26723,A
P11878,A
P23988,A
P1146,A
P5074,A
P14475,A
P13838,A
P20522,A
P26941,A
P9732,A
P19954,A
P10175,A
P10215,A
P16743,A
P25633,A
P25614,A
P11169,A
P16850,A
P13151,A
P20695,A
P23918,A
P5212,A
P13,A
P27366,A
P25196,A
P16994,A
P9875,A
P21754,A
P9268,A
P25207,A
P5598,A
P17408,A
P28674,A
P18967,A
P22133,A
P29338,A
P8337,A
P12617,A
P27092,A
P21666,A
P20206,A
P24791,A
P9526,A
P9015,A
P10448,A
P18829,A
P26451,A
P7573,A
P10088,A
P14954,A
P24939,A
P24431,A
P1007,A
P22075,A
P27837,A
P24576,A
P1966,A
P9191,A
P18232,A
P9409,A
P22852,A
P4675,A
P26463,A
P18915,A
P1851,A
P11657,A
P29180,A
P1112,A
P5806,A
P23657,A
P27616,A
P21681,A
P17961,A
P22046,A
P15098,A
P3156,A
P5316,A
P24885,A
P20221,A
P15743,A
P14661,A
P16028,A
P25158,A
P19253,A
P6944,A
P11021,A
P2177,A
P26717,A
P19626,A
P17824,A
P15661,A
P2612,A
P10044,A
P1644,A
P14928,A
P7487,A
P5616,A
P26790,A
P17189,A
P4630,A
P24493,A
P16891,A
P10985,A
P18015,A
P15032,A
P13700,A
P4119,A
P17348,A
P1956,A
P15716,A
P3177,A
P10718,A
P2975,A
P15575,A
P18690,A
P23288,A
P2697,A
P4079,A
P8708,A
P24097,A
P29075,A
P24544,A
P13455,A
P16319,A
P21612,A
P3745,A
P19701,A
P6665,A
P26820,A
P20842,A
P21096,A
P6434,A
P29250,A
P29522,A
P4611,A
P17287,A
P13061,A
P14978,A
P7442,A
P21017,A
P9119,A
P1064,A
P12192,A
P18584,A
P3840,A
P9306,A
P6346,A
P5411,A
P27014,A
P5566,A
P14848,A
P16065,A
P13743,A
P12332,A
P28929,A
P6759,A
P6421,A
P13672,A
P18582,A
P5477,A
P12532,A
P16869,A
P9111,A
P21911,A
P25774,A
P1296,A
P23367,A
P3737,A
P14930,A
P7326,A
P26243,A
P27878,A
P643,A
P20880,A
P13878,A
P13422,A
P5828,A
P12248,A
P18255,A
P26495,A
P10328,A
P3260,A
P26674,A
P5258,A
P16438,A
P4818,A
P4380,A
P22679,A
P6979,A
P21235,A
P25627,A
P4982,A
P13301,A
P1661,A
P24855,A
P24579,A
P11106,A
P15615,A
P703,A
P6014,A
P6729,A
P12707,A
P4773,A
P26047,A
P28341,A
P28438,A
P21400,A
P751,A
P29190,A
P6427,A
P13582,A
P27226,A
P7965,A
P27537,A
P16908,A
P21964,A
P2209,A
P17218,A
P9750,A
P13368,A
P26209,A
P7918,A
P28644,A
P27262,A
P29931,A
P26460,A
P28218,A
P8470,A
P8948,A
P22585,A
P2411,A
P24611,A
P5848,A
P28368,A
P22053,A
P11383,A
P7181,A
P14738,A
P5418,A
P5060,A
P24353,A
P23824,A
P168,A
P3511,A
P24109,A
P8274,A
P6812,A
P6207,A
P8634,A
P13006,A
P22801,A
P7324,A
P9311,A
P16080,A
P14999,A
P3830,A
P10506,A
P24907,A
P25407,A
P9721,A
P15335,A
P7069,A
P14061,A
P26197,A
P16268,A
P26010,A
P17480,A
P14149,A
P8771,A
P7227,A
P15105,A
P15326,A
P10908,A
P6102,A
P6928,A
P11711,A
P29658,A
P13267,A
P17913,A
P11015,A
P25624,A
P17171,A
P27075,A
P1133,A
P16239,A
P17016,A
P7584,A
P16421,A
P23891,A
P13781,A
P3860,A
P8845,A
P11343,A
P19110,A
P22872,A
P8382,A
P28257,A
P11439,A
P12625,A
P13457,A
P4828,A
P18163,A
P15725,A
P5623,A
P18323,A
P27145,A
P9105,A
P23715,A
P9167,A
P14499,A
P20117,A
P23820,A
P24610,A
P8811,A
P25877,A
P2719,A
P28454,A
P7271,A
P9137,A
P11120,A
P21858,A
P13082,A
P26774,A
P27974,A
P2801,A
P9917,A
P24558,A
P16196,A
P7558,A
P5260,A
P14100,A
P12740,A
P13196,A
P4831,A
P11840,A
P12886,A
P24139,A
P11440,A
P7252,A
P17673,A
P13918,A
P11267,A
P10394,A
P11127,A
P6627,A
P19778,A
P20939,A
P16714,A
P8837,A
P11661,A
P15656,A
P3976,A
P8316,A
P17006,A
P20714,A
P16799,A
P26747,A
P9826,A
P2041,A
P19238,A
P3062,A
P8158,A
P5959,A
P23736,A
P6008,A
P7239,A
P17266,A
P8897,A
P14014,A
P6123,A
P19544,A
P5738,A
P29349,A
P25938,A
P1749,A
P8057,A
P27895,A
P4172,A
P6415,A
P7208,A
P12462,A
P15584,A
P16098,A
P13931,A
P14853,A
P2442,A
P29648,A
P12135,A
P6269,A
P29081,A
P12273,A
P29865,A
P6590,A
P5988,A
P23328,A
P25953,A
P18550,A
P25308,A
P14751,A
P24645,A
P7373,A
P27032,A
P28785,A
P25052,A
P18572,A
P3993,A
P7047,A
P5098,A
P10917,A
P6073,A
P763,A
P26042,A
P17505,A
P15573,A
P11241,A
P5886,A
P29939,A
P25415,A
P5145,A
P15921,A
P22616,A
P6287,A
P27657,A
P1602,A
P28187,A
P8955,A
P20574,A
P21133,A
P17578,A
P19560,A
P27957,A
P4235,A
P17800,A
P23800,A
P1582,A
P7562,A
P27003,A
P18339,A
P4203,A
P12564,A
P4273,A
P16385,A
P14038,A
P4762,A
P2201,A
P16363,A
P16399,A
P17959,A
P26113,A
P16549,A
P16105,A
P28507,A
P18203,A
P17593,A
P24444,A
P11876,A
P9499,A
P25840,A
P13555,A
P19073,A
P5105,A
P13783,A
P510,A
P7318,A
P27074,A
P10750,A
P26168,A
P16904,A
P22305,A
P15652,A
P17897,A
P4372,A
P15931,A
P13084,A
P13600,A
P12594,A
P16563,A
P17156,A
P8736,A
P11737,A
P8933,A
P15312,A
P14313,A
P29841,A
P27371,A
P7398,A
P8644,A
P3600,A
P582,A
P27045,A
P11954,A
P23409,A
P17464,A
P25844,A
P7297,A
P29588,A
P24311,A
P2465,A
P10041,A
P18665,A
P11436,A
P22819,A
P13081,A
P21751,A
P24298,A
P12687,A
P1289,A
P20569,A
P28042,A
P26027,A
P12675,A
P13406,A
P9981,A
P2818,A
P22960,A
P24004,A
P9108,A
P6007,A
P14598,A
P19919,A
P3570,A
P25485,A
P1031,A
P19708,A
P29129,A
P26411,A
P12333,A
P11192,A
P12934,A
P1182,A
P25473,A
P12082,A
P16507,A
P693,A
P12358,A
P18723,A
P11367,A
P17784,A
P8747,A
P9465,A
P21275,A
P15912,A
P8612,A
P14670,A
P20071,A
P26494,A
P12230,A
P22454,A
P14851,A
P22020,A
P10347,A
P6732,A
P21639,A
P16588,A
P6177,A
P2738,A
P14170,A
P12389,A
P19534,A
P9630,A
P22976,A
P15741,A
P8883,A
P18796,A
P27406,A
P8456,A
P3651,A
P17530,A
P28671,A
P29114,A
P12590,A
P10847,A
P2829,A
P10966,A
P9626,A
P14594,A
P13846,A
P25554,A
P13188,A
P6878,A
P3614,A
P3895,A
P15245,A
P4791,A
P27257,A
P18116,A
P5262,A
P6258,A
P6680,A
P1581,A
P29557,A
P17297,A
P7163,A
P5004,A
P3423,A
P15859,A
P9086,A
P25489,A
P24872,A
P23464,A
P27898,A
P16525,A
P61,A
P10970,A
P12095,A
P7076,A
P16000,A
P29315,A
P17991,A
P18540,A
P28394,A
P19793,A
P5885,A
P14085,A
P11948,A
P6395,A
P28640,A
P4990,A
P7777,A
P26647,A
P3276,A
P28474,A
P4663,A
P89,A
P24599,A
P25132,A
P14047,A
P2662,A
P23193,A
P5672,A
P28403,A
P22378,A
P6371,A
P20943,A
P7570,A
P9285,A
P24676,A
P56,A
P2491,A
P6808,A
P4389,A
P25476,A
P27505,A
P19760,A
P10045,A
P20060,A
P12267,A
P9366,A
P78,A
P27851,A
P19865,A
P15030,A
P13847,A
P16553,A
P10762,A
P15193,A
P12931,A
P326,A
P12875,A
P20036,A
P10065,A
P5123,A
P22381,A
P932,A
P963,A
P6465,A
P14336,A
P11222,A
P9878,A
P2258,A
P16145,A
P18040,A
P18031,A
P6817,A
P6365,A
P18325,A
P22186,A
P29483,A
P7235,A
P24739,A
P17073,A
P670,A
P22461,A
P28872,A
P1999,A
P15121,A
P5293,A
P26994,A
P14169,A
P6686,A
P20567,A
P19137,A
P3307,A
P25768,A
P20431,A
P6601,A
P1655,A
P12121,A
P7162,A
P27701,A
P5017,A
P26631,A
P7652,A
P5354,A
P17896,A
P15215,A
P6408,A
P16020,A
P29664,A
P6255,A
P10528,A
P4428,A
P10935,A
P1126,A
P21723,A
P8210,A
P23604,A
P18987,A
P17842,A
P10389,A
P13403,A
P16125,A
P20529,A
P10147,A
P23423,A
P27177,A
P5301,A
P24575,A
P18659,A
P22323,A
P2019,A
P3024,A
P6186,A
P26749,A
P14837,A
P4355,A
P7771,A
P9598,A
P27887,A
P2081,A
P9787,A
P21034,A
P15908,A
P20757,A
P29744,A
P10704,A
P16177,A
P21903,A
P15673,A
P28723,A
P24618,A
P6196,A
P14945,A
P10806,A
P542,A
P914,A
P28889,A
P6975,A
P20923,A
P18236,A
P4135,A
P20465,A
P11908,A
P22544,A
P20838,A
P8852,A
P26681,A
P8272,A
P4395,A
P7105,A
P15061,A
P2587,A
P26874,A
P13362,A
P16800,A
P21920,A
P9864,A
P8551,A
P9323,A
P15302,A
P9301,A
P19442,A
P27551,A
P22398,A
P28902,A
P22319,A
P11469,A
P5183,A
P14500,A
P17628,A
P26995,A
P28638,A
P9216,A
P6730,A
P12005,A
P17264,A
P12145,A
P24243,A
P4913,A
P20486,A
P2796,A
P12065,A
P14237,A
P24477,A
P24263,A
P1175,A
P26860,A
P3446,A
P27607,A
P13407,A
P12710,A
P16992,A
P23685,A
P11732,A
P13419,A
P21694,A
P11137,A
P17283,A
P16144,A
P917,A
P2664,A
P18227,A
P5538,A
P3876,A
P1211,A
P9345,A
P9935,A
P5344,A
P14650,A
P13109,A
P475,A
P28558,A
P8173,A
P29971,A
P16739,A
P7534,A
P9794,A
P3439,A
P574,A
P11731,A
P5504,A
P10905,A
P6789,A
P16246,A
P8120,A
P14862,A
P7019,A
P1360,A
P24346,A
P9267,A
P8796,A
P25399,A
P15809,A
P10858,A
P24664,A
P16988,A
P10330,A
P16110,A
P3228,A
P4350,A
P27383,A
P18328,A
P20436,A
P1451,A
P18088,A
P8453,A
P20032,A
P18242,A
P1544,A
P19311,A
P24975,A
P18351,A
P4138,A
P24384,A
P11808,A
P9803,A
P18893,A
P25359,A
P16462,A
P16042,A
P16048,A
P23753,A
P16347,A
P2754,A
P13031,A
P25204,A
P21339,A
P4857,A
P3107,A
P15019,A
P2584,A
P10393,A
P4632,A
P27569,A
P21207,A
P117,A
P1129,A
P26767,A
P26318,A
P15135,A
P15112,A
P11144,A
P25983,A
P20682,A
P2848,A
P25119,A
P28631,A
P6983,A
P13977,A
P19264,A
P27720,A
P10193,A
P27205,A
P3626,A
P20915,A
P21138,A
P26831,A
P8963,A
P5722,A
P21862,A
P13801,A
P16015,A
P17160,A
P23905,A
P28470,A
P6837,A
P21098,A
P21475,A
P15130,A
P28684,A
P21552,A
P7211,A
P21958,A
P1630,A
P1215,A
P25951,A
P11879,A
P8138,A
P25973,A
P4878,A
P11067,A
P2577,A
P16418,A
P3198,A
P468,A
P1768,A
P12147,A
P2945,A
P5168,A
P5981,A
P20514,A
P13601,A
P25339,A
P11048,A
P4565,A
P22376,A
P5194,A
P12412,A
P22635,A
P9744,A
P25917,A
P15752,A
P18445,A
P29783,A
P3823,A
P4214,A
P14736,A
P3021,A
P11462,A
P1412,A
P2309,A
P15956,A
P8452,A
P23006,A
P5619,A
P16318,A
P13660,A
P13593,A
P19307,A
P6137,A
P11269,A
P26259,A
P2850,A
P29763,A
P18201,A
P5453,A
P3539,A
P18508,A
P10306,A
P3037,A
P10289,A
P18943,A
P16918,A
P18153,A
P6053,A
P17050,A
P29199,A
P8810,A
P14062,A
P28024,A
P1811,A
P4780,A
P20780,A
P249,A
P22060,A
P11832,A
P9140,A
P26153,A
P5534,A
P20466,A
P28180,A
P28718,A
P509,A
P13444,A
P12655,A
P3109,A
P10739,A
P1657,A
P1498,A
P9464,A
P1945,A
P10742,A
P24115,A
P29480,A
P23030,A
P26021,A
P16693,A
P22529,A
P8694,A
P28420,A
P9027,A
P19115,A
P15360,A
P796,A
P6504,A
P24567,A
P16652,A
P26384,A
P12724,A
P27947,A
P4068,A
P5665,A
P18225,A
P25133,A
P12276,A
P26386,A
P7232,A
P2509,A
P9715,A
P4511,A
P19765,A
P6711,A
P2461,A
P3313,A
P27961,A
P25291,A
P992,A
P21930,A
P3864,A
P15732,A
P6170,A
P9562,A
P2935,A
P18672,A
P22412,A
P11162,A
P2121,A
P27625,A
P21053,A
P24458,A
P7063,A
P10586,A
P22352,A
P26308,A
P18586,A
P16026,A
P24485,A
P28801,A
P8454,A
P4503,A
P17078,A
P17840,A
P21002,A
P26957,A
P18090,A
P4344,A
P12093,A
P18689,A
P1471,A
P17318,A
P5694,A
P4153,A
P499,A
P18939,A
P14456,A
P27304,A
P10036,A
P7495,A
P25888,A
P29155,A
P26877,A
P3373,A
P3420,A
P5518,A
P28379,A
P24681,A
P788,A
P29730,A
P23653,A
P14766,A
P10445,A
P24526,A
P22142,A
P8868,A
P21387,A
P17762,A
P9622,A
P29196,A
P27330,A
P20145,A
P21501,A
P27941,A
P13091,A
P27683,A
P2508,A
P12683,A
P27494,A
P19150,A
P7632,A
P28822,A
P9930,A
P7580,A
P24521,A
P520,A
P15829,A
P15329,A
P2693,A
P11857,A
P26323,A
P21811,A
P12334,A
P22149,A
P16067,A
P436,A
P3069,A
P24208,A
P2556,A
P20339,A
P29137,A
P8097,A
P23501,A
P3943,A
P8317,A
P24533,A
P22490,A
P28728,A
P22925,A
P26951,A
P2694,A
P2691,A
P15851,A
P3048,A
P26488,A
P840,A
P12469,A
P11986,A
P15970,A
P10942,A
P20953,A
P26299,A
P29396,A
P4988,A
P285,A
P24009,A
P3427,A
P26305,A
P2137,A
P2856,A
P16853,A
P17865,A
P12573,A
P29869,A
P15239,A
P2227,A
P23156,A
P28604,A
P11611,A
P29627,A
P4724,A
P3843,A
P13997,A
P21724,A
P8749,A
P9580,A
P1564,A
P2369,A
P16805,A
P24378,A
P15425,A
P19325,A
P25241,A
P10817,A
P15769,A
P27160,A
P28561,A
P25160,A
P24550,A
P26654,A
P7116,A
P10995,A
P3246,A
P24296,A
P6238,A
P6391,A
P25041,A
P13339,A
P25686,A
P27632,A
P21384,A
P2332,A
P19632,A
P26669,A
P17662,A
P3875,A
P14255,A
P18108,A
P9297,A
P23448,A
P856,A
P24514,A
P1394,A
P1786,A
P19426,A
P712,A
P19049,A
P28075,A
P25086,A
P18092,A
P11644,A
P3123,A
P27802,A
P29379,A
P11429,A
P29499,A
P6966,A
P9272,A
P27603,A
P20031,A
P10465,A
P3839,A
P13834,A
P71,A
P8420,A
P27534,A
P6751,A
P17843,A
P27258,A
P782,A
P29551,A
P4004,A
P11654,A
P18275,A
P15984,A
P7051,A
P7660,A
P16039,A
P20217,A
P9640,A
P10057,A
P23392,A
P18839,A
P23568,A
P2266,A
P28901,A
P8784,A
P19675,A
P26514,A
P21680,A
P3905,A
P14271,A
P13217,A
P6178,A
P14454,A
P12667,A
P11396,A
P5961,A
P5547,A
P7942,A
P19915,A
P12530,A
P12400,A
P20916,A
P27169,A
P10956,A
P1858,A
P10752,A
P5016,A
P8223,A
P5373,A
P14291,A
P12425,A
P15520,A
P24164,A
P23458,A
P29468,A
P10692,A
P19067,A
P19740,A
P22591,A
P28251,A
P25821,A
P27540,A
P3341,A
P23690,A
P25576,A
P22880,A
P15886,A
P5663,A
P24951,A
P9075,A
P29696,A
P7758,A
P8403,A
P25097,A
P1068,A
P3903,A
P2800,A
P27222,A
P27358,A
P23010,A
P9770,A
P18407,A
P25202,A
P27215,A
P1501,A
P13025,A
P15023,A
P11068,A
P22043,A
P10010,A
P13879,A
P18602,A
P17545,A
P26031,A
P27089,A
P18096,A
P4310,A
P7253,A
P29318,A
P12953,A
P6340,A
P29374,A
P13013,A
P19297,A
P14843,A
P26776,A
P22416,A
P12482,A
P8082,A
P18159,A
P9804,A
P576,A
P8713,A
P16171,A
P3013,A
P9992,A
P3558,A
P7971,A
P5773,A
P27058,A
P16247,A
P20006,A
P21222,A
P2541,A
P17984,A
P17694,A
P21227,A
P20230,A
P23035,A
P23397,A
P6390,A
P22035,A
P18179,A
P2739,A
P12577,A
P24809,A
P10968,A
P15805,A
P9292,A
P3958,A
P12611,A
P5318,A
P15195,A
P2315,A
P28792,A
P17146,A
P20979,A
P17474,A
P15697,A
P7300,A
P23889,A
P23234,A
P321,A
P29651,A
P26940,A
P10200,A
P10860,A
P10319,A
P15221,A
P9762,A
P9572,A
P6666,A
P28923,A
P10329,A
P28506,A
P22861,A
P25685,A
P17955,A
P1309,A
P9003,A
P15536,A
P18844,A
P10587,A
P17852,A
P16362,A
P16211,A
P23441,A
P868,A
P2849,A
P27490,A
P27063,A
P7241,A
P15699,A
P2660,A
P7228,A
P10624,A
P22772,A
P6144,A
P24356,A
P15948,A
P6150,A
P4516,A
P11122,A
P20786,A
P28536,A
P16578,A
P18198,A
P19538,A
P27291,A
P26075,A
P20584,A
P29264,A
P22360,A
P25017,A
P15640,A
P21753,A
P13729,A
P10642,A
P25743,A
P14892,A
P11392,A
P20215,A
P13338,A
P1260,A
P3828,A
P9988,A
P24672,A
P758,A
P9717,A
P12702,A
P28691,A
P23799,A
P8459,A
P27013,A
P25756,A
P11574,A
P236,A
P3968,A
P2731,A
P28146,A
P24295,A
P21776,A
P10675,A
P22481,A
P21852,A
P3210,A
P778,A
P29560,A
P3034,A
P459,A
P2914,A
P29381,A
P24369,A
P11209,A
P15676,A
P28881,A
P17007,A
P10231,A
P28126,A
P5962,A
P21226,A
P26470,A
P24113,A
P15966,A
P17011,A
P3133,A
P11023,A
P25108,A
P21821,A
P20186,A
P8326,A
P29299,A
P23979,A
P9835,A
P16655,A
P24321,A
P350,A
P28345,A
P16661,A
P19435,A
P2460,A
P28991,A
P8909,A
P4502,A
P9689,A
P8665,A
P4692,A
P14172,A
P11902,A
P5200,A
P8820,A
P29771,A
P6645,A
P6314,A
P26703,A
P24184,A
P22808,A
P2298,A
P14533,A
P18262,A
P14989,A
P412,A
P5384,A
P3288,A
P13928,A
P19802,A
P12474,A
P21678,A
P7450,A
P5742,A
P14326,A
P11755,A
P16146,A
P21150,A
P2544,A
P28758,A
P4309,A
P15973,A
P17710,A
P28577,A
P2644,A
P16467,A
P20666,A
P1852,A
P1187,A
P10546,A
P14167,A
P6111,A
P16977,A
P25162,A
P23469,A
P16777,A
P21237,A
P28560,A
P12727,A
P18248,A
P23294,A
P3119,A
P24943,A
P29421,A
P10418,A
P14330,A
P9183,A
P7118,A
P10248,A
P11387,A
P1109,A
P6612,A
P27441,A
P2670,A
P19035,A
P13323,A
P16621,A
P10695,A
P29235,A
P16682,A
P14461,A
P11307,A
P11933,A
P2822,A
P26901,A
P13839,A
P28830,A
P4902,A
P28689,A
P26930,A
P22137,A
P9424,A
P11648,A
P11245,A
P24286,A
P17792,A
P20811,A
P16674,A
P17181,A
P19390,A
P19965,A
P13608,A
P585,A
P23387,A
P6298,A
P2007,A
P18448,A
P11097,A
P25511,A
P4189,A
P20704,A
P27680,A
P4669,A
P28981,A
P14114,A
P17780,A
P10729,A
P608,A
P11348,A
P15186,A
P22205,A
P17026,A
P21342,A
P2593,A
P6166,A
P26823,A
P11635,A
P9675,A
P1827,A
P26827,A
P2155,A
P28769,A
P8939,A
P21636,A
P2203,A
P4872,A
P22028,A
P21115,A
P11719,A
P24984,A
P11101,A
P25724,A
P20510,A
P27051,A
P27040,A
P15930,A
P402,A
P15054,A
P8983,A
P4924,A
P234,A
P22191,A
P23599,A
P1993,A
P26936,A
P8183,A
P15854,A
P4411,A
P22270,A
P26891,A
P8200,A
P22803,A
P19672,A
P1253,A
P25816,A
P25538,A
P10826,A
P29357,A
P16814,A
P7134,A
P27939,A
P1505,A
P7089,A
P1019,A
P4284,A
P21598,A
P5767,A
P27450,A
P567,A
P17851,A
P1705,A
P25477,A
P27453,A
P4083,A
P19028,A
P6968,A
P9180,A
P11710,A
P18766,A
P23252,A
P15869,A
P7629,A
P28699,A
P11149,A
P15427,A
P5149,A
P29424,A
P9221,A
P19477,A
P759,A
P26194,A
P5351,A
P5128,A
P2722,A
P11549,A
P2415,A
P12907,A
P18293,A
P2401,A
P14834,A
P20973,A
P10787,A
P7102,A
P26390,A
P26912,A
P2480,A
P9220,A
P24201,A
P28747,A
P13556,A
P4761,A
P12315,A
P9017,A
P26826,A
P11813,A
P8601,A
P1807,A
P26205,A
P25542,A
P17407,A
P9830,A
P17950,A
P11641,A
P22288,A
P29116,A
P1667,A
P3052,A
P11762,A
P3267,A
P19841,A
P9987,A
P3111,A
P21743,A
P7152,A
P8549,A
P28330,A
P7754,A
P23622,A
P7917,A
P21083,A
P9880,A
P12925,A
P26895,A
P15937,A
P3284,A
P20356,A
P7426,A
P21790,A
P8107,A
P15409,A
P20126,A
P25372,A
P4538,A
P22321,A
P28757,A
P27577,A
P1913,A
P18449,A
P5917,A
P2130,A
P19642,A
P16327,A
P6518,A
P14792,A
P9041,A
P13131,A
P4375,A
P7171,A
P16320,A
P16436,A
P7554,A
P24496,A
P8856,A
P7715,A
P29136,A
P29293,A
P20449,A
P7145,A
P15863,A
P4505,A
P2417,A
P11051,A
P5791,A
P13925,A
P22915,A
P3789,A
P5335,A
P26286,A
P16261,A
P22071,A
P3483,A
P22988,A
P27639,A
P14819,A
P12156,A
P28292,A
P7277,A
P15374,A
P356,A
P17090,A
P8594,A
P8379,A
P4905,A
P19327,A
P11748,A
P7523,A
P27914,A
P4252,A
P2413,A
P9714,A
P20639,A
P14088,A
P291,A
P26119,A
P15059,A
P21137,A
P24152,A
P12756,A
P14441,A
P9128,A
P22523,A
P29302,A
P3428,A
P2056,A
P10662,A
P1110,A
P9747,A
P24924,A
P6039,A
P8529,A
